mtllib d415.mtl
o pCube13
usemtl material
v -0.004192120041129288 -0.0008829899679946157 0.06353999949529765
v -0.004000029772519398 0.008348649553612253 0.0635914788337466
v -0.004192120041129288 0.008348649553612253 0.06353999949529765
v -0.004000029772519398 0.008348649553612253 0.0635914788337466
v -0.004192120041129288 -0.0008829899679946157 0.06353999949529765
v -0.004000029772519398 -0.0008829899679946157 0.0635914788337466
v -0.004332729779197353 0.008348649553612253 0.06339938975722959
v -0.004332729779197353 -0.0008829899679946157 0.06339938975722959
v -0.004192120041129288 0.008348649553612253 0.06353999949529765
v -0.004192120041129288 0.008348649553612253 0.06353999949529765
v -0.004332729779197353 -0.0008829899679946157 0.06339938975722959
v -0.004192120041129288 -0.0008829899679946157 0.06353999949529765
v -0.004384210011715961 0.008348649553612253 0.06320730068071256
v -0.004384210011715961 -0.0008829899679946157 0.06320730068071256
v -0.004332729779197353 0.008348649553612253 0.06339938975722959
v -0.004332729779197353 -0.0008829899679946157 0.06339938975722959
v -0.004332729779197353 0.008348649553612253 0.06339938975722959
v -0.004384210011715961 -0.0008829899679946157 0.06320730068071256
v -0.003615779795890006 0.008681359693079593 0.06339938975722959
v -0.004000029772519398 0.008732830090832033 0.06320730068071256
v -0.004000029772519398 0.008681359693079593 0.06339938975722959
v -0.004000029772519398 0.008732830090832033 0.06320730068071256
v -0.003615779795890006 0.008681359693079593 0.06339938975722959
v -0.003615779795890006 0.008732830090832033 0.06320730068071256
v -0.004000029772519398 0.008540739822222143 0.06353999949529765
v -0.003615779795890006 0.008540739822222143 0.06353999949529765
v -0.004000029772519398 0.008681359693079593 0.06339938975722959
v -0.003615779795890006 0.008681359693079593 0.06339938975722959
v -0.004000029772519398 0.008681359693079593 0.06339938975722959
v -0.003615779795890006 0.008540739822222143 0.06353999949529765
v -0.004000029772519398 0.008348649553612253 0.0635914788337466
v -0.003615779795890006 0.008348649553612253 0.0635914788337466
v -0.004000029772519398 0.008540739822222143 0.06353999949529765
v -0.003615779795890006 0.008540739822222143 0.06353999949529765
v -0.004000029772519398 0.008540739822222143 0.06353999949529765
v -0.003615779795890006 0.008348649553612253 0.0635914788337466
v -0.004332729779197353 0.008540739822222143 0.06320730068071256
v -0.004332729779197353 0.008540739822222143 0.06149003845102996
v -0.004384210011715961 0.008348649553612253 0.06320730068071256
v -0.004384210011715961 0.008348649553612253 0.06320730068071256
v -0.004332729779197353 0.008540739822222143 0.06149003845102996
v -0.004384210011715961 0.008348649553612253 0.06149003845102996
v -0.004192120041129288 0.008681359693079593 0.06149003845102996
v -0.004332729779197353 0.008540739822222143 0.06320730068071256
v -0.004192120041129288 0.008681359693079593 0.06320730068071256
v -0.004332729779197353 0.008540739822222143 0.06320730068071256
v -0.004192120041129288 0.008681359693079593 0.06149003845102996
v -0.004332729779197353 0.008540739822222143 0.06149003845102996
v -0.004000029772519398 0.008732830090832033 0.06320730068071256
v -0.004000029772519398 0.008732830090832033 0.06149003845102996
v -0.004192120041129288 0.008681359693079593 0.06320730068071256
v -0.004192120041129288 0.008681359693079593 0.06320730068071256
v -0.004000029772519398 0.008732830090832033 0.06149003845102996
v -0.004192120041129288 0.008681359693079593 0.06149003845102996
v -0.004332729779197353 0.008348649553612253 0.06129794937451294
v -0.004332729779197353 -0.0008829899679946157 0.06129794937451294
v -0.004384210011715961 0.008348649553612253 0.06149003845102996
v -0.004384210011715961 -0.0008829899679946157 0.06149003845102996
v -0.004384210011715961 0.008348649553612253 0.06149003845102996
v -0.004332729779197353 -0.0008829899679946157 0.06129794937451294
v -0.004332729779197353 -0.0008829899679946157 0.06129794937451294
v -0.004332729779197353 0.008348649553612253 0.06129794937451294
v -0.004192120041129288 -0.0008829899679946157 0.061157339636444874
v -0.004192120041129288 -0.0008829899679946157 0.061157339636444874
v -0.004332729779197353 0.008348649553612253 0.06129794937451294
v -0.004192120041129288 0.008348649553612253 0.061157339636444874
v -0.004192120041129288 -0.0008829899679946157 0.061157339636444874
v -0.004192120041129288 0.008348649553612253 0.061157339636444874
v -0.004000029772519398 -0.0008829899679946157 0.06110586029799592
v -0.004000029772519398 -0.0008829899679946157 0.06110586029799592
v -0.004192120041129288 0.008348649553612253 0.061157339636444874
v -0.004000029772519398 0.008348649553612253 0.06110586029799592
v -0.004000029772519398 0.008540739822222143 0.061157339636444874
v -0.003615779795890006 0.008540739822222143 0.061157339636444874
v -0.004000029772519398 0.008348649553612253 0.06110586029799592
v -0.003615779795890006 0.008348649553612253 0.06110586029799592
v -0.004000029772519398 0.008348649553612253 0.06110586029799592
v -0.003615779795890006 0.008540739822222143 0.061157339636444874
v -0.004000029772519398 0.008681359693079593 0.06129794937451294
v -0.003615779795890006 0.008681359693079593 0.06129794937451294
v -0.004000029772519398 0.008540739822222143 0.061157339636444874
v -0.003615779795890006 0.008540739822222143 0.061157339636444874
v -0.004000029772519398 0.008540739822222143 0.061157339636444874
v -0.003615779795890006 0.008681359693079593 0.06129794937451294
v -0.003615779795890006 0.008732830090832033 0.06149003845102996
v -0.004000029772519398 0.008681359693079593 0.06129794937451294
v -0.004000029772519398 0.008732830090832033 0.06149003845102996
v -0.004000029772519398 0.008681359693079593 0.06129794937451294
v -0.003615779795890006 0.008732830090832033 0.06149003845102996
v -0.003615779795890006 0.008681359693079593 0.06129794937451294
v -0.004000029772519398 -0.001075080013087093 0.06353999949529765
v -0.003615779795890006 -0.001075080013087093 0.06353999949529765
v -0.004000029772519398 -0.0008829899679946157 0.0635914788337466
v -0.003615779795890006 -0.0008829899679946157 0.0635914788337466
v -0.004000029772519398 -0.0008829899679946157 0.0635914788337466
v -0.003615779795890006 -0.001075080013087093 0.06353999949529765
v -0.004000029772519398 -0.0012156999584503475 0.06339938975722959
v -0.003615779795890006 -0.0012156999584503475 0.06339938975722959
v -0.004000029772519398 -0.001075080013087093 0.06353999949529765
v -0.003615779795890006 -0.001075080013087093 0.06353999949529765
v -0.004000029772519398 -0.001075080013087093 0.06353999949529765
v -0.003615779795890006 -0.0012156999584503475 0.06339938975722959
v -0.004000029772519398 -0.001267169983673766 0.06320730068071256
v -0.003615779795890006 -0.001267169983673766 0.06320730068071256
v -0.004000029772519398 -0.0012156999584503475 0.06339938975722959
v -0.003615779795890006 -0.0012156999584503475 0.06339938975722959
v -0.004000029772519398 -0.0012156999584503475 0.06339938975722959
v -0.003615779795890006 -0.001267169983673766 0.06320730068071256
v -0.004192120041129288 -0.0012156999584503475 0.06320730068071256
v -0.004192120041129288 -0.0012156999584503475 0.06149003845102996
v -0.004000029772519398 -0.001267169983673766 0.06320730068071256
v -0.004000029772519398 -0.001267169983673766 0.06320730068071256
v -0.004192120041129288 -0.0012156999584503475 0.06149003845102996
v -0.004000029772519398 -0.001267169983673766 0.06149003845102996
v -0.004332729779197353 -0.001075080013087093 0.06149003845102996
v -0.004192120041129288 -0.0012156999584503475 0.06320730068071256
v -0.004332729779197353 -0.001075080013087093 0.06320730068071256
v -0.004192120041129288 -0.0012156999584503475 0.06320730068071256
v -0.004332729779197353 -0.001075080013087093 0.06149003845102996
v -0.004192120041129288 -0.0012156999584503475 0.06149003845102996
v -0.004384210011715961 -0.0008829899679946157 0.06320730068071256
v -0.004384210011715961 -0.0008829899679946157 0.06149003845102996
v -0.004332729779197353 -0.001075080013087093 0.06320730068071256
v -0.004332729779197353 -0.001075080013087093 0.06320730068071256
v -0.004384210011715961 -0.0008829899679946157 0.06149003845102996
v -0.004332729779197353 -0.001075080013087093 0.06149003845102996
v -0.004000029772519398 -0.0012156999584503475 0.06129794937451294
v -0.003615779795890006 -0.0012156999584503475 0.06129794937451294
v -0.004000029772519398 -0.001267169983673766 0.06149003845102996
v -0.003615779795890006 -0.001267169983673766 0.06149003845102996
v -0.004000029772519398 -0.001267169983673766 0.06149003845102996
v -0.003615779795890006 -0.0012156999584503475 0.06129794937451294
v -0.004000029772519398 -0.001075080013087093 0.061157339636444874
v -0.003615779795890006 -0.001075080013087093 0.061157339636444874
v -0.004000029772519398 -0.0012156999584503475 0.06129794937451294
v -0.003615779795890006 -0.0012156999584503475 0.06129794937451294
v -0.004000029772519398 -0.0012156999584503475 0.06129794937451294
v -0.003615779795890006 -0.001075080013087093 0.061157339636444874
v -0.004000029772519398 -0.0008829899679946157 0.06110586029799592
v -0.003615779795890006 -0.0008829899679946157 0.06110586029799592
v -0.004000029772519398 -0.001075080013087093 0.061157339636444874
v -0.003615779795890006 -0.001075080013087093 0.061157339636444874
v -0.004000029772519398 -0.001075080013087093 0.061157339636444874
v -0.003615779795890006 -0.0008829899679946157 0.06110586029799592
v -0.003615779795890006 0.008732830090832033 0.06320730068071256
v -0.003615779795890006 0.008732830090832033 0.06149003845102996
v -0.004000029772519398 0.008732830090832033 0.06320730068071256
v -0.004000029772519398 0.008732830090832033 0.06320730068071256
v -0.003615779795890006 0.008732830090832033 0.06149003845102996
v -0.004000029772519398 0.008732830090832033 0.06149003845102996
v -0.004384210011715961 0.008348649553612253 0.06149003845102996
v -0.004384210011715961 -0.0008829899679946157 0.06149003845102996
v -0.004384210011715961 0.008348649553612253 0.06320730068071256
v -0.004384210011715961 -0.0008829899679946157 0.06320730068071256
v -0.004384210011715961 0.008348649553612253 0.06320730068071256
v -0.004384210011715961 -0.0008829899679946157 0.06149003845102996
v -0.003615779795890006 -0.001267169983673766 0.06149003845102996
v -0.003615779795890006 -0.001267169983673766 0.06320730068071256
v -0.004000029772519398 -0.001267169983673766 0.06320730068071256
v -0.004000029772519398 -0.001267169983673766 0.06320730068071256
v -0.004000029772519398 -0.001267169983673766 0.06149003845102996
v -0.003615779795890006 -0.001267169983673766 0.06149003845102996
v -0.004000029772519398 -0.0008829899679946157 0.06110586029799592
v -0.004000029772519398 0.008348649553612253 0.06110586029799592
v -0.003615779795890006 -0.0008829899679946157 0.06110586029799592
v -0.003615779795890006 -0.0008829899679946157 0.06110586029799592
v -0.004000029772519398 0.008348649553612253 0.06110586029799592
v -0.003615779795890006 0.008348649553612253 0.06110586029799592
v -0.004000029772519398 0.008348649553612253 0.0635914788337466
v -0.004000029772519398 -0.0008829899679946157 0.0635914788337466
v -0.003615779795890006 0.008348649553612253 0.0635914788337466
v -0.003615779795890006 0.008348649553612253 0.0635914788337466
v -0.004000029772519398 -0.0008829899679946157 0.0635914788337466
v -0.003615779795890006 -0.0008829899679946157 0.0635914788337466
v -0.004303859972122459 0.00851464967769422 0.06337329722851592
v -0.004384210011715961 0.008348649553612253 0.06320730068071256
v -0.004332729779197353 0.008348649553612253 0.06339938975722959
v -0.004384210011715961 0.008348649553612253 0.06320730068071256
v -0.004303859972122459 0.00851464967769422 0.06337329722851592
v -0.004332729779197353 0.008540739822222143 0.06320730068071256
v -0.004166029896601364 0.00851464967769422 0.06351111746927085
v -0.004303859972122459 0.00851464967769422 0.06337329722851592
v -0.004192120041129288 0.008348649553612253 0.06353999949529765
v -0.004303859972122459 0.00851464967769422 0.06337329722851592
v -0.004332729779197353 0.008348649553612253 0.06339938975722959
v -0.004192120041129288 0.008348649553612253 0.06353999949529765
v -0.004166029896601364 0.00851464967769422 0.06351111746927085
v -0.004000029772519398 0.008348649553612253 0.0635914788337466
v -0.004000029772519398 0.008540739822222143 0.06353999949529765
v -0.004000029772519398 0.008348649553612253 0.0635914788337466
v -0.004166029896601364 0.00851464967769422 0.06351111746927085
v -0.004192120041129288 0.008348649553612253 0.06353999949529765
v -0.004166029896601364 0.008652469918449146 0.06337329722851592
v -0.004000029772519398 0.008540739822222143 0.06353999949529765
v -0.004000029772519398 0.008681359693079593 0.06339938975722959
v -0.004000029772519398 0.008540739822222143 0.06353999949529765
v -0.004166029896601364 0.008652469918449146 0.06337329722851592
v -0.004166029896601364 0.00851464967769422 0.06351111746927085
v -0.004000029772519398 0.008732830090832033 0.06320730068071256
v -0.004166029896601364 0.008652469918449146 0.06337329722851592
v -0.004000029772519398 0.008681359693079593 0.06339938975722959
v -0.004166029896601364 0.008652469918449146 0.06337329722851592
v -0.004000029772519398 0.008732830090832033 0.06320730068071256
v -0.004192120041129288 0.008681359693079593 0.06320730068071256
v -0.004303859972122459 0.00851464967769422 0.06337329722851592
v -0.004166029896601364 0.008652469918449146 0.06337329722851592
v -0.004332729779197353 0.008540739822222143 0.06320730068071256
v -0.004166029896601364 0.008652469918449146 0.06337329722851592
v -0.004192120041129288 0.008681359693079593 0.06320730068071256
v -0.004332729779197353 0.008540739822222143 0.06320730068071256
v -0.004303859972122459 0.00851464967769422 0.06337329722851592
v -0.004166029896601364 0.00851464967769422 0.06351111746927085
v -0.004166029896601364 0.008652469918449146 0.06337329722851592
v -0.004000029772519398 0.008348649553612253 0.06110586029799592
v -0.004166029896601364 0.00851464967769422 0.0611862168941002
v -0.004000029772519398 0.008540739822222143 0.061157339636444874
v -0.004166029896601364 0.00851464967769422 0.0611862168941002
v -0.004000029772519398 0.008348649553612253 0.06110586029799592
v -0.004192120041129288 0.008348649553612253 0.061157339636444874
v -0.004303859972122459 0.00851464967769422 0.061324037134855125
v -0.004192120041129288 0.008348649553612253 0.061157339636444874
v -0.004332729779197353 0.008348649553612253 0.06129794937451294
v -0.004192120041129288 0.008348649553612253 0.061157339636444874
v -0.004303859972122459 0.00851464967769422 0.061324037134855125
v -0.004166029896601364 0.00851464967769422 0.0611862168941002
v -0.004384210011715961 0.008348649553612253 0.06149003845102996
v -0.004303859972122459 0.00851464967769422 0.061324037134855125
v -0.004332729779197353 0.008348649553612253 0.06129794937451294
v -0.004303859972122459 0.00851464967769422 0.061324037134855125
v -0.004384210011715961 0.008348649553612253 0.06149003845102996
v -0.004332729779197353 0.008540739822222143 0.06149003845102996
v -0.004166029896601364 0.008652469918449146 0.061324037134855125
v -0.004332729779197353 0.008540739822222143 0.06149003845102996
v -0.004192120041129288 0.008681359693079593 0.06149003845102996
v -0.004332729779197353 0.008540739822222143 0.06149003845102996
v -0.004166029896601364 0.008652469918449146 0.061324037134855125
v -0.004303859972122459 0.00851464967769422 0.061324037134855125
v -0.004000029772519398 0.008732830090832033 0.06149003845102996
v -0.004166029896601364 0.008652469918449146 0.061324037134855125
v -0.004192120041129288 0.008681359693079593 0.06149003845102996
v -0.004166029896601364 0.008652469918449146 0.061324037134855125
v -0.004000029772519398 0.008732830090832033 0.06149003845102996
v -0.004000029772519398 0.008681359693079593 0.06129794937451294
v -0.004000029772519398 0.008540739822222143 0.061157339636444874
v -0.004166029896601364 0.00851464967769422 0.0611862168941002
v -0.004166029896601364 0.008652469918449146 0.061324037134855125
v -0.004000029772519398 0.008540739822222143 0.061157339636444874
v -0.004166029896601364 0.008652469918449146 0.061324037134855125
v -0.004000029772519398 0.008681359693079593 0.06129794937451294
v -0.004166029896601364 0.00851464967769422 0.0611862168941002
v -0.004303859972122459 0.00851464967769422 0.061324037134855125
v -0.004166029896601364 0.008652469918449146 0.061324037134855125
v -0.004166029896601364 -0.0011868099603024873 0.06337329722851592
v -0.004000029772519398 -0.001267169983673766 0.06320730068071256
v -0.004000029772519398 -0.0012156999584503475 0.06339938975722959
v -0.004000029772519398 -0.001267169983673766 0.06320730068071256
v -0.004166029896601364 -0.0011868099603024873 0.06337329722851592
v -0.004192120041129288 -0.0012156999584503475 0.06320730068071256
v -0.004000029772519398 -0.001075080013087093 0.06353999949529765
v -0.004166029896601364 -0.0010489899430649735 0.06351111746927085
v -0.004166029896601364 -0.0011868099603024873 0.06337329722851592
v -0.004000029772519398 -0.001075080013087093 0.06353999949529765
v -0.004166029896601364 -0.0011868099603024873 0.06337329722851592
v -0.004000029772519398 -0.0012156999584503475 0.06339938975722959
v -0.004000029772519398 -0.0008829899679946157 0.0635914788337466
v -0.004166029896601364 -0.0010489899430649735 0.06351111746927085
v -0.004000029772519398 -0.001075080013087093 0.06353999949529765
v -0.004166029896601364 -0.0010489899430649735 0.06351111746927085
v -0.004000029772519398 -0.0008829899679946157 0.0635914788337466
v -0.004192120041129288 -0.0008829899679946157 0.06353999949529765
v -0.004303859972122459 -0.0010489899430649735 0.06337329722851592
v -0.004192120041129288 -0.0008829899679946157 0.06353999949529765
v -0.004332729779197353 -0.0008829899679946157 0.06339938975722959
v -0.004192120041129288 -0.0008829899679946157 0.06353999949529765
v -0.004303859972122459 -0.0010489899430649735 0.06337329722851592
v -0.004166029896601364 -0.0010489899430649735 0.06351111746927085
v -0.004384210011715961 -0.0008829899679946157 0.06320730068071256
v -0.004303859972122459 -0.0010489899430649735 0.06337329722851592
v -0.004332729779197353 -0.0008829899679946157 0.06339938975722959
v -0.004303859972122459 -0.0010489899430649735 0.06337329722851592
v -0.004384210011715961 -0.0008829899679946157 0.06320730068071256
v -0.004332729779197353 -0.001075080013087093 0.06320730068071256
v -0.004332729779197353 -0.001075080013087093 0.06320730068071256
v -0.004166029896601364 -0.0011868099603024873 0.06337329722851592
v -0.004303859972122459 -0.0010489899430649735 0.06337329722851592
v -0.004166029896601364 -0.0011868099603024873 0.06337329722851592
v -0.004332729779197353 -0.001075080013087093 0.06320730068071256
v -0.004192120041129288 -0.0012156999584503475 0.06320730068071256
v -0.004166029896601364 -0.0011868099603024873 0.06337329722851592
v -0.004166029896601364 -0.0010489899430649735 0.06351111746927085
v -0.004303859972122459 -0.0010489899430649735 0.06337329722851592
v -0.004166029896601364 -0.0010489899430649735 0.0611862168941002
v -0.004000029772519398 -0.0008829899679946157 0.06110586029799592
v -0.004000029772519398 -0.001075080013087093 0.061157339636444874
v -0.004000029772519398 -0.0008829899679946157 0.06110586029799592
v -0.004166029896601364 -0.0010489899430649735 0.0611862168941002
v -0.004192120041129288 -0.0008829899679946157 0.061157339636444874
v -0.004166029896601364 -0.0011868099603024873 0.061324037134855125
v -0.004000029772519398 -0.001075080013087093 0.061157339636444874
v -0.004000029772519398 -0.0012156999584503475 0.06129794937451294
v -0.004000029772519398 -0.001075080013087093 0.061157339636444874
v -0.004166029896601364 -0.0011868099603024873 0.061324037134855125
v -0.004166029896601364 -0.0010489899430649735 0.0611862168941002
v -0.004000029772519398 -0.001267169983673766 0.06149003845102996
v -0.004166029896601364 -0.0011868099603024873 0.061324037134855125
v -0.004000029772519398 -0.0012156999584503475 0.06129794937451294
v -0.004166029896601364 -0.0011868099603024873 0.061324037134855125
v -0.004000029772519398 -0.001267169983673766 0.06149003845102996
v -0.004192120041129288 -0.0012156999584503475 0.06149003845102996
v -0.004332729779197353 -0.001075080013087093 0.06149003845102996
v -0.004166029896601364 -0.0011868099603024873 0.061324037134855125
v -0.004192120041129288 -0.0012156999584503475 0.06149003845102996
v -0.004166029896601364 -0.0011868099603024873 0.061324037134855125
v -0.004332729779197353 -0.001075080013087093 0.06149003845102996
v -0.004303859972122459 -0.0010489899430649735 0.061324037134855125
v -0.004384210011715961 -0.0008829899679946157 0.06149003845102996
v -0.004303859972122459 -0.0010489899430649735 0.061324037134855125
v -0.004332729779197353 -0.001075080013087093 0.06149003845102996
v -0.004303859972122459 -0.0010489899430649735 0.061324037134855125
v -0.004384210011715961 -0.0008829899679946157 0.06149003845102996
v -0.004332729779197353 -0.0008829899679946157 0.06129794937451294
v -0.004166029896601364 -0.0010489899430649735 0.0611862168941002
v -0.004303859972122459 -0.0010489899430649735 0.061324037134855125
v -0.004192120041129288 -0.0008829899679946157 0.061157339636444874
v -0.004303859972122459 -0.0010489899430649735 0.061324037134855125
v -0.004332729779197353 -0.0008829899679946157 0.06129794937451294
v -0.004192120041129288 -0.0008829899679946157 0.061157339636444874
v -0.004166029896601364 -0.0010489899430649735 0.0611862168941002
v -0.004166029896601364 -0.0011868099603024873 0.061324037134855125
v -0.004303859972122459 -0.0010489899430649735 0.061324037134855125
v -0.004199709798402118 0.008369110039566974 -0.04460311789952698
v -0.004199709798402118 -0.0009034500069145107 -0.04460311789952698
v -0.004017870038348359 0.008369110039566974 -0.044554389911419356
v -0.004017870038348359 0.008369110039566974 -0.044554389911419356
v -0.004199709798402118 -0.0009034500069145107 -0.04460311789952698
v -0.004017870038348359 -0.0009034500069145107 -0.044554389911419356
v -0.004332849882553891 0.008369110039566974 -0.04473625083112154
v -0.004332849882553891 -0.0009034500069145107 -0.04473625083112154
v -0.004199709798402118 0.008369110039566974 -0.04460311789952698
v -0.004199709798402118 0.008369110039566974 -0.04460311789952698
v -0.004332849882553891 -0.0009034500069145107 -0.04473625083112154
v -0.004199709798402118 -0.0009034500069145107 -0.04460311789952698
v -0.004381579956824033 0.008369110039566974 -0.044918106982452244
v -0.004381579956824033 -0.0009034500069145107 -0.044918106982452244
v -0.004332849882553891 0.008369110039566974 -0.04473625083112154
v -0.004332849882553891 -0.0009034500069145107 -0.04473625083112154
v -0.004332849882553891 0.008369110039566974 -0.04473625083112154
v -0.004381579956824033 -0.0009034500069145107 -0.044918106982452244
v -0.003615779795890006 0.008684099718538674 -0.04473625083112154
v -0.004017870038348359 0.008732830090832033 -0.044918106982452244
v -0.004017870038348359 0.008684099718538674 -0.04473625083112154
v -0.004017870038348359 0.008732830090832033 -0.044918106982452244
v -0.003615779795890006 0.008684099718538674 -0.04473625083112154
v -0.003615779795890006 0.008732830090832033 -0.044918106982452244
v -0.003615779795890006 0.008550969767176286 -0.04460311789952698
v -0.004017870038348359 0.008684099718538674 -0.04473625083112154
v -0.004017870038348359 0.008550969767176286 -0.04460311789952698
v -0.004017870038348359 0.008684099718538674 -0.04473625083112154
v -0.003615779795890006 0.008550969767176286 -0.04460311789952698
v -0.003615779795890006 0.008684099718538674 -0.04473625083112154
v -0.004017870038348359 0.008369110039566974 -0.044554389911419356
v -0.003615779795890006 0.008369110039566974 -0.044554389911419356
v -0.004017870038348359 0.008550969767176286 -0.04460311789952698
v -0.003615779795890006 0.008550969767176286 -0.04460311789952698
v -0.004017870038348359 0.008550969767176286 -0.04460311789952698
v -0.003615779795890006 0.008369110039566974 -0.044554389911419356
v -0.004332849882553891 0.008550969767176286 -0.0611695705092794
v -0.004381579956824033 0.008369110039566974 -0.044918106982452244
v -0.004332849882553891 0.008550969767176286 -0.044918106982452244
v -0.004381579956824033 0.008369110039566974 -0.044918106982452244
v -0.004332849882553891 0.008550969767176286 -0.0611695705092794
v -0.004381579956824033 0.008369110039566974 -0.0611695705092794
v -0.004199709798402118 0.008684099718538674 -0.0611695705092794
v -0.004332849882553891 0.008550969767176286 -0.044918106982452244
v -0.004199709798402118 0.008684099718538674 -0.044918106982452244
v -0.004332849882553891 0.008550969767176286 -0.044918106982452244
v -0.004199709798402118 0.008684099718538674 -0.0611695705092794
v -0.004332849882553891 0.008550969767176286 -0.0611695705092794
v -0.004017870038348359 0.008732830090832033 -0.0611695705092794
v -0.004199709798402118 0.008684099718538674 -0.044918106982452244
v -0.004017870038348359 0.008732830090832033 -0.044918106982452244
v -0.004199709798402118 0.008684099718538674 -0.044918106982452244
v -0.004017870038348359 0.008732830090832033 -0.0611695705092794
v -0.004199709798402118 0.008684099718538674 -0.0611695705092794
v -0.004332849882553891 0.008369110039566974 -0.06135142666061011
v -0.004332849882553891 -0.0009034500069145107 -0.06135142666061011
v -0.004381579956824033 0.008369110039566974 -0.0611695705092794
v -0.004381579956824033 -0.0009034500069145107 -0.0611695705092794
v -0.004381579956824033 0.008369110039566974 -0.0611695705092794
v -0.004332849882553891 -0.0009034500069145107 -0.06135142666061011
v -0.004332849882553891 -0.0009034500069145107 -0.06135142666061011
v -0.004332849882553891 0.008369110039566974 -0.06135142666061011
v -0.004199709798402118 -0.0009034500069145107 -0.06148456912894762
v -0.004199709798402118 -0.0009034500069145107 -0.06148456912894762
v -0.004332849882553891 0.008369110039566974 -0.06135142666061011
v -0.004199709798402118 0.008369110039566974 -0.06148456912894762
v -0.004199709798402118 -0.0009034500069145107 -0.06148456912894762
v -0.004199709798402118 0.008369110039566974 -0.06148456912894762
v -0.004017870038348359 -0.0009034500069145107 -0.06153327804356934
v -0.004017870038348359 -0.0009034500069145107 -0.06153327804356934
v -0.004199709798402118 0.008369110039566974 -0.06148456912894762
v -0.004017870038348359 0.008369110039566974 -0.06153327804356934
v -0.004017870038348359 0.008550969767176286 -0.06148456912894762
v -0.003615779795890006 0.008550969767176286 -0.06148456912894762
v -0.004017870038348359 0.008369110039566974 -0.06153327804356934
v -0.003615779795890006 0.008369110039566974 -0.06153327804356934
v -0.004017870038348359 0.008369110039566974 -0.06153327804356934
v -0.003615779795890006 0.008550969767176286 -0.06148456912894762
v -0.003615779795890006 0.008684099718538674 -0.06135142666061011
v -0.004017870038348359 0.008550969767176286 -0.06148456912894762
v -0.004017870038348359 0.008684099718538674 -0.06135142666061011
v -0.004017870038348359 0.008550969767176286 -0.06148456912894762
v -0.003615779795890006 0.008684099718538674 -0.06135142666061011
v -0.003615779795890006 0.008550969767176286 -0.06148456912894762
v -0.003615779795890006 0.008732830090832033 -0.0611695705092794
v -0.004017870038348359 0.008684099718538674 -0.06135142666061011
v -0.004017870038348359 0.008732830090832033 -0.0611695705092794
v -0.004017870038348359 0.008684099718538674 -0.06135142666061011
v -0.003615779795890006 0.008732830090832033 -0.0611695705092794
v -0.003615779795890006 0.008684099718538674 -0.06135142666061011
v -0.004017870038348359 -0.0010853099580412362 -0.04460311789952698
v -0.003615779795890006 -0.0010853099580412362 -0.04460311789952698
v -0.004017870038348359 -0.0009034500069145107 -0.044554389911419356
v -0.003615779795890006 -0.0009034500069145107 -0.044554389911419356
v -0.004017870038348359 -0.0009034500069145107 -0.044554389911419356
v -0.003615779795890006 -0.0010853099580412362 -0.04460311789952698
v -0.004017870038348359 -0.0012184399839094279 -0.04473625083112154
v -0.003615779795890006 -0.0012184399839094279 -0.04473625083112154
v -0.004017870038348359 -0.0010853099580412362 -0.04460311789952698
v -0.003615779795890006 -0.0010853099580412362 -0.04460311789952698
v -0.004017870038348359 -0.0010853099580412362 -0.04460311789952698
v -0.003615779795890006 -0.0012184399839094279 -0.04473625083112154
v -0.004017870038348359 -0.001267169983673766 -0.044918106982452244
v -0.003615779795890006 -0.001267169983673766 -0.044918106982452244
v -0.004017870038348359 -0.0012184399839094279 -0.04473625083112154
v -0.003615779795890006 -0.0012184399839094279 -0.04473625083112154
v -0.004017870038348359 -0.0012184399839094279 -0.04473625083112154
v -0.003615779795890006 -0.001267169983673766 -0.044918106982452244
v -0.004199709798402118 -0.0012184399839094279 -0.0611695705092794
v -0.004017870038348359 -0.001267169983673766 -0.044918106982452244
v -0.004199709798402118 -0.0012184399839094279 -0.044918106982452244
v -0.004017870038348359 -0.001267169983673766 -0.044918106982452244
v -0.004199709798402118 -0.0012184399839094279 -0.0611695705092794
v -0.004017870038348359 -0.001267169983673766 -0.0611695705092794
v -0.004332849882553891 -0.0010853099580412362 -0.0611695705092794
v -0.004199709798402118 -0.0012184399839094279 -0.044918106982452244
v -0.004332849882553891 -0.0010853099580412362 -0.044918106982452244
v -0.004199709798402118 -0.0012184399839094279 -0.044918106982452244
v -0.004332849882553891 -0.0010853099580412362 -0.0611695705092794
v -0.004199709798402118 -0.0012184399839094279 -0.0611695705092794
v -0.004381579956824033 -0.0009034500069145107 -0.0611695705092794
v -0.004332849882553891 -0.0010853099580412362 -0.044918106982452244
v -0.004381579956824033 -0.0009034500069145107 -0.044918106982452244
v -0.004332849882553891 -0.0010853099580412362 -0.044918106982452244
v -0.004381579956824033 -0.0009034500069145107 -0.0611695705092794
v -0.004332849882553891 -0.0010853099580412362 -0.0611695705092794
v -0.004017870038348359 -0.0012184399839094279 -0.06135142666061011
v -0.003615779795890006 -0.0012184399839094279 -0.06135142666061011
v -0.004017870038348359 -0.001267169983673766 -0.0611695705092794
v -0.003615779795890006 -0.001267169983673766 -0.0611695705092794
v -0.004017870038348359 -0.001267169983673766 -0.0611695705092794
v -0.003615779795890006 -0.0012184399839094279 -0.06135142666061011
v -0.004017870038348359 -0.0010853099580412362 -0.06148456912894762
v -0.003615779795890006 -0.0010853099580412362 -0.06148456912894762
v -0.004017870038348359 -0.0012184399839094279 -0.06135142666061011
v -0.003615779795890006 -0.0012184399839094279 -0.06135142666061011
v -0.004017870038348359 -0.0012184399839094279 -0.06135142666061011
v -0.003615779795890006 -0.0010853099580412362 -0.06148456912894762
v -0.004017870038348359 -0.0009034500069145107 -0.06153327804356934
v -0.003615779795890006 -0.0009034500069145107 -0.06153327804356934
v -0.004017870038348359 -0.0010853099580412362 -0.06148456912894762
v -0.003615779795890006 -0.0010853099580412362 -0.06148456912894762
v -0.004017870038348359 -0.0010853099580412362 -0.06148456912894762
v -0.003615779795890006 -0.0009034500069145107 -0.06153327804356934
v -0.003615779795890006 0.008732830090832033 -0.044918106982452244
v -0.003615779795890006 0.008732830090832033 -0.0611695705092794
v -0.004017870038348359 0.008732830090832033 -0.044918106982452244
v -0.004017870038348359 0.008732830090832033 -0.044918106982452244
v -0.003615779795890006 0.008732830090832033 -0.0611695705092794
v -0.004017870038348359 0.008732830090832033 -0.0611695705092794
v -0.004381579956824033 -0.0009034500069145107 -0.0611695705092794
v -0.004381579956824033 -0.0009034500069145107 -0.044918106982452244
v -0.004381579956824033 0.008369110039566974 -0.044918106982452244
v -0.004381579956824033 0.008369110039566974 -0.044918106982452244
v -0.004381579956824033 0.008369110039566974 -0.0611695705092794
v -0.004381579956824033 -0.0009034500069145107 -0.0611695705092794
v -0.003615779795890006 -0.001267169983673766 -0.0611695705092794
v -0.003615779795890006 -0.001267169983673766 -0.044918106982452244
v -0.004017870038348359 -0.001267169983673766 -0.044918106982452244
v -0.004017870038348359 -0.001267169983673766 -0.044918106982452244
v -0.004017870038348359 -0.001267169983673766 -0.0611695705092794
v -0.003615779795890006 -0.001267169983673766 -0.0611695705092794
v -0.004017870038348359 -0.0009034500069145107 -0.06153327804356934
v -0.004017870038348359 0.008369110039566974 -0.06153327804356934
v -0.003615779795890006 -0.0009034500069145107 -0.06153327804356934
v -0.003615779795890006 -0.0009034500069145107 -0.06153327804356934
v -0.004017870038348359 0.008369110039566974 -0.06153327804356934
v -0.003615779795890006 0.008369110039566974 -0.06153327804356934
v -0.004017870038348359 0.008369110039566974 -0.044554389911419356
v -0.004017870038348359 -0.0009034500069145107 -0.044554389911419356
v -0.003615779795890006 0.008369110039566974 -0.044554389911419356
v -0.003615779795890006 0.008369110039566974 -0.044554389911419356
v -0.004017870038348359 -0.0009034500069145107 -0.044554389911419356
v -0.003615779795890006 -0.0009034500069145107 -0.044554389911419356
v -0.004305499993886797 0.008526269602933456 -0.04476095099536437
v -0.004381579956824033 0.008369110039566974 -0.044918106982452244
v -0.004332849882553891 0.008369110039566974 -0.04473625083112154
v -0.004381579956824033 0.008369110039566974 -0.044918106982452244
v -0.004305499993886797 0.008526269602933456 -0.04476095099536437
v -0.004332849882553891 0.008550969767176286 -0.044918106982452244
v -0.004175009932182505 0.008526269602933456 -0.04463046927831016
v -0.004305499993886797 0.008526269602933456 -0.04476095099536437
v -0.004199709798402118 0.008369110039566974 -0.04460311789952698
v -0.004305499993886797 0.008526269602933456 -0.04476095099536437
v -0.004332849882553891 0.008369110039566974 -0.04473625083112154
v -0.004199709798402118 0.008369110039566974 -0.04460311789952698
v -0.004175009932182505 0.008526269602933456 -0.04463046927831016
v -0.004017870038348359 0.008369110039566974 -0.044554389911419356
v -0.004017870038348359 0.008550969767176286 -0.04460311789952698
v -0.004017870038348359 0.008369110039566974 -0.044554389911419356
v -0.004175009932182505 0.008526269602933456 -0.04463046927831016
v -0.004199709798402118 0.008369110039566974 -0.04460311789952698
v -0.004017870038348359 0.008550969767176286 -0.04460311789952698
v -0.004017870038348359 0.008684099718538674 -0.04473625083112154
v -0.004175009932182505 0.008526269602933456 -0.04463046927831016
v -0.004175009932182505 0.008526269602933456 -0.04463046927831016
v -0.004017870038348359 0.008684099718538674 -0.04473625083112154
v -0.004175009932182505 0.008656749531848362 -0.04476095099536437
v -0.004017870038348359 0.008732830090832033 -0.044918106982452244
v -0.004175009932182505 0.008656749531848362 -0.04476095099536437
v -0.004017870038348359 0.008684099718538674 -0.04473625083112154
v -0.004175009932182505 0.008656749531848362 -0.04476095099536437
v -0.004017870038348359 0.008732830090832033 -0.044918106982452244
v -0.004199709798402118 0.008684099718538674 -0.044918106982452244
v -0.004199709798402118 0.008684099718538674 -0.044918106982452244
v -0.004305499993886797 0.008526269602933456 -0.04476095099536437
v -0.004175009932182505 0.008656749531848362 -0.04476095099536437
v -0.004305499993886797 0.008526269602933456 -0.04476095099536437
v -0.004199709798402118 0.008684099718538674 -0.044918106982452244
v -0.004332849882553891 0.008550969767176286 -0.044918106982452244
v -0.004305499993886797 0.008526269602933456 -0.04476095099536437
v -0.004175009932182505 0.008526269602933456 -0.04463046927831016
v -0.004175009932182505 0.008656749531848362 -0.04476095099536437
v -0.004017870038348359 0.008369110039566974 -0.06153327804356934
v -0.004175009932182505 0.008526269602933456 -0.06145720821342149
v -0.004017870038348359 0.008550969767176286 -0.06148456912894762
v -0.004175009932182505 0.008526269602933456 -0.06145720821342149
v -0.004017870038348359 0.008369110039566974 -0.06153327804356934
v -0.004199709798402118 0.008369110039566974 -0.06148456912894762
v -0.004332849882553891 0.008369110039566974 -0.06135142666061011
v -0.004305499993886797 0.008526269602933456 -0.06132670742288138
v -0.004175009932182505 0.008526269602933456 -0.06145720821342149
v -0.004332849882553891 0.008369110039566974 -0.06135142666061011
v -0.004175009932182505 0.008526269602933456 -0.06145720821342149
v -0.004199709798402118 0.008369110039566974 -0.06148456912894762
v -0.004381579956824033 0.008369110039566974 -0.0611695705092794
v -0.004305499993886797 0.008526269602933456 -0.06132670742288138
v -0.004332849882553891 0.008369110039566974 -0.06135142666061011
v -0.004305499993886797 0.008526269602933456 -0.06132670742288138
v -0.004381579956824033 0.008369110039566974 -0.0611695705092794
v -0.004332849882553891 0.008550969767176286 -0.0611695705092794
v -0.004199709798402118 0.008684099718538674 -0.0611695705092794
v -0.004305499993886797 0.008526269602933456 -0.06132670742288138
v -0.004332849882553891 0.008550969767176286 -0.0611695705092794
v -0.004305499993886797 0.008526269602933456 -0.06132670742288138
v -0.004199709798402118 0.008684099718538674 -0.0611695705092794
v -0.004175009932182505 0.008656749531848362 -0.06132670742288138
v -0.004017870038348359 0.008732830090832033 -0.0611695705092794
v -0.004175009932182505 0.008656749531848362 -0.06132670742288138
v -0.004199709798402118 0.008684099718538674 -0.0611695705092794
v -0.004175009932182505 0.008656749531848362 -0.06132670742288138
v -0.004017870038348359 0.008732830090832033 -0.0611695705092794
v -0.004017870038348359 0.008684099718538674 -0.06135142666061011
v -0.004017870038348359 0.008684099718538674 -0.06135142666061011
v -0.004175009932182505 0.008526269602933456 -0.06145720821342149
v -0.004175009932182505 0.008656749531848362 -0.06132670742288138
v -0.004175009932182505 0.008526269602933456 -0.06145720821342149
v -0.004017870038348359 0.008684099718538674 -0.06135142666061011
v -0.004017870038348359 0.008550969767176286 -0.06148456912894762
v -0.004175009932182505 0.008526269602933456 -0.06145720821342149
v -0.004305499993886797 0.008526269602933456 -0.06132670742288138
v -0.004175009932182505 0.008656749531848362 -0.06132670742288138
v -0.004175009932182505 -0.001191089946230725 -0.04476095099536437
v -0.004017870038348359 -0.001267169983673766 -0.044918106982452244
v -0.004017870038348359 -0.0012184399839094279 -0.04473625083112154
v -0.004017870038348359 -0.001267169983673766 -0.044918106982452244
v -0.004175009932182505 -0.001191089946230725 -0.04476095099536437
v -0.004199709798402118 -0.0012184399839094279 -0.044918106982452244
v -0.004175009932182505 -0.0010606099428100146 -0.04463046927831016
v -0.004017870038348359 -0.0012184399839094279 -0.04473625083112154
v -0.004017870038348359 -0.0010853099580412362 -0.04460311789952698
v -0.004017870038348359 -0.0012184399839094279 -0.04473625083112154
v -0.004175009932182505 -0.0010606099428100146 -0.04463046927831016
v -0.004175009932182505 -0.001191089946230725 -0.04476095099536437
v -0.004017870038348359 -0.0009034500069145107 -0.044554389911419356
v -0.004175009932182505 -0.0010606099428100146 -0.04463046927831016
v -0.004017870038348359 -0.0010853099580412362 -0.04460311789952698
v -0.004175009932182505 -0.0010606099428100146 -0.04463046927831016
v -0.004017870038348359 -0.0009034500069145107 -0.044554389911419356
v -0.004199709798402118 -0.0009034500069145107 -0.04460311789952698
v -0.004305499993886797 -0.0010606099428100146 -0.04476095099536437
v -0.004199709798402118 -0.0009034500069145107 -0.04460311789952698
v -0.004332849882553891 -0.0009034500069145107 -0.04473625083112154
v -0.004199709798402118 -0.0009034500069145107 -0.04460311789952698
v -0.004305499993886797 -0.0010606099428100146 -0.04476095099536437
v -0.004175009932182505 -0.0010606099428100146 -0.04463046927831016
v -0.004381579956824033 -0.0009034500069145107 -0.044918106982452244
v -0.004305499993886797 -0.0010606099428100146 -0.04476095099536437
v -0.004332849882553891 -0.0009034500069145107 -0.04473625083112154
v -0.004305499993886797 -0.0010606099428100146 -0.04476095099536437
v -0.004381579956824033 -0.0009034500069145107 -0.044918106982452244
v -0.004332849882553891 -0.0010853099580412362 -0.044918106982452244
v -0.004175009932182505 -0.001191089946230725 -0.04476095099536437
v -0.004305499993886797 -0.0010606099428100146 -0.04476095099536437
v -0.004199709798402118 -0.0012184399839094279 -0.044918106982452244
v -0.004305499993886797 -0.0010606099428100146 -0.04476095099536437
v -0.004332849882553891 -0.0010853099580412362 -0.044918106982452244
v -0.004199709798402118 -0.0012184399839094279 -0.044918106982452244
v -0.004175009932182505 -0.001191089946230725 -0.04476095099536437
v -0.004175009932182505 -0.0010606099428100146 -0.04463046927831016
v -0.004305499993886797 -0.0010606099428100146 -0.04476095099536437
v -0.004175009932182505 -0.0010606099428100146 -0.06145720821342149
v -0.004017870038348359 -0.0009034500069145107 -0.06153327804356934
v -0.004017870038348359 -0.0010853099580412362 -0.06148456912894762
v -0.004017870038348359 -0.0009034500069145107 -0.06153327804356934
v -0.004175009932182505 -0.0010606099428100146 -0.06145720821342149
v -0.004199709798402118 -0.0009034500069145107 -0.06148456912894762
v -0.004017870038348359 -0.0012184399839094279 -0.06135142666061011
v -0.004175009932182505 -0.001191089946230725 -0.06132670742288138
v -0.004175009932182505 -0.0010606099428100146 -0.06145720821342149
v -0.004017870038348359 -0.0012184399839094279 -0.06135142666061011
v -0.004175009932182505 -0.0010606099428100146 -0.06145720821342149
v -0.004017870038348359 -0.0010853099580412362 -0.06148456912894762
v -0.004017870038348359 -0.001267169983673766 -0.0611695705092794
v -0.004175009932182505 -0.001191089946230725 -0.06132670742288138
v -0.004017870038348359 -0.0012184399839094279 -0.06135142666061011
v -0.004175009932182505 -0.001191089946230725 -0.06132670742288138
v -0.004017870038348359 -0.001267169983673766 -0.0611695705092794
v -0.004199709798402118 -0.0012184399839094279 -0.0611695705092794
v -0.004305499993886797 -0.0010606099428100146 -0.06132670742288138
v -0.004199709798402118 -0.0012184399839094279 -0.0611695705092794
v -0.004332849882553891 -0.0010853099580412362 -0.0611695705092794
v -0.004199709798402118 -0.0012184399839094279 -0.0611695705092794
v -0.004305499993886797 -0.0010606099428100146 -0.06132670742288138
v -0.004175009932182505 -0.001191089946230725 -0.06132670742288138
v -0.004381579956824033 -0.0009034500069145107 -0.0611695705092794
v -0.004305499993886797 -0.0010606099428100146 -0.06132670742288138
v -0.004332849882553891 -0.0010853099580412362 -0.0611695705092794
v -0.004305499993886797 -0.0010606099428100146 -0.06132670742288138
v -0.004381579956824033 -0.0009034500069145107 -0.0611695705092794
v -0.004332849882553891 -0.0009034500069145107 -0.06135142666061011
v -0.004332849882553891 -0.0009034500069145107 -0.06135142666061011
v -0.004175009932182505 -0.0010606099428100146 -0.06145720821342149
v -0.004305499993886797 -0.0010606099428100146 -0.06132670742288138
v -0.004175009932182505 -0.0010606099428100146 -0.06145720821342149
v -0.004332849882553891 -0.0009034500069145107 -0.06135142666061011
v -0.004199709798402118 -0.0009034500069145107 -0.06148456912894762
v -0.004175009932182505 -0.0010606099428100146 -0.06145720821342149
v -0.004175009932182505 -0.001191089946230725 -0.06132670742288138
v -0.004305499993886797 -0.0010606099428100146 -0.06132670742288138
v 0.0033989097908382893 0.004110619929940551 0.044534510570738206
v 0.0024625199482771754 0.004110619929940551 0.044534510570738206
v 0.0033989097908382893 0.00468513984936908 0.04482723135887312
v 0.0024625199482771754 0.004110619929940551 0.044534510570738206
v 0.0024625199482771754 0.00468513984936908 0.04482723135887312
v 0.0033989097908382893 0.00468513984936908 0.04482723135887312
v 0.0033989097908382893 0.0051410900397355075 0.04528317827098416
v 0.0024625199482771754 0.00468513984936908 0.04482723135887312
v 0.0024625199482771754 0.0051410900397355075 0.04528317827098416
v 0.0024625199482771754 0.00468513984936908 0.04482723135887312
v 0.0033989097908382893 0.0051410900397355075 0.04528317827098416
v 0.0033989097908382893 0.00468513984936908 0.04482723135887312
v 0.0033989097908382893 0.005433819768566939 0.04585771935006111
v 0.0024625199482771754 0.0051410900397355075 0.04528317827098416
v 0.0024625199482771754 0.005433819768566939 0.04585771935006111
v 0.0024625199482771754 0.0051410900397355075 0.04528317827098416
v 0.0033989097908382893 0.005433819768566939 0.04585771935006111
v 0.0033989097908382893 0.0051410900397355075 0.04528317827098416
v 0.0033989097908382893 0.005534689898758605 0.046494578275950715
v 0.0024625199482771754 0.005433819768566939 0.04585771935006111
v 0.0024625199482771754 0.005534689898758605 0.046494578275950715
v 0.0024625199482771754 0.005433819768566939 0.04585771935006111
v 0.0033989097908382893 0.005534689898758605 0.046494578275950715
v 0.0033989097908382893 0.005433819768566939 0.04585771935006111
v 0.0033989097908382893 0.005433819768566939 0.04713143720184032
v 0.0024625199482771754 0.005534689898758605 0.046494578275950715
v 0.0024625199482771754 0.005433819768566939 0.04713143720184032
v 0.0024625199482771754 0.005534689898758605 0.046494578275950715
v 0.0033989097908382893 0.005433819768566939 0.04713143720184032
v 0.0033989097908382893 0.005534689898758605 0.046494578275950715
v 0.0033989097908382893 0.0051410900397355075 0.04770596874417432
v 0.0024625199482771754 0.005433819768566939 0.04713143720184032
v 0.0024625199482771754 0.0051410900397355075 0.04770596874417432
v 0.0024625199482771754 0.005433819768566939 0.04713143720184032
v 0.0033989097908382893 0.0051410900397355075 0.04770596874417432
v 0.0033989097908382893 0.005433819768566939 0.04713143720184032
v 0.0024625199482771754 0.00468513984936908 0.048161910887913884
v 0.0033989097908382893 0.00468513984936908 0.048161910887913884
v 0.0024625199482771754 0.0051410900397355075 0.04770596874417432
v 0.0033989097908382893 0.0051410900397355075 0.04770596874417432
v 0.0024625199482771754 0.0051410900397355075 0.04770596874417432
v 0.0033989097908382893 0.00468513984936908 0.048161910887913884
v 0.0033989097908382893 0.00468513984936908 0.048161910887913884
v 0.0024625199482771754 0.00468513984936908 0.048161910887913884
v 0.0033989097908382893 0.004110619929940551 0.0484546507495347
v 0.0024625199482771754 0.00468513984936908 0.048161910887913884
v 0.0024625199482771754 0.004110619929940551 0.0484546507495347
v 0.0033989097908382893 0.004110619929940551 0.0484546507495347
v 0.0033989097908382893 0.004110619929940551 0.0484546507495347
v 0.0024625199482771754 0.004110619929940551 0.0484546507495347
v 0.0033989097908382893 0.003473749977191909 0.04855550657461194
v 0.0024625199482771754 0.004110619929940551 0.0484546507495347
v 0.0024625199482771754 0.003473749977191909 0.04855550657461194
v 0.0033989097908382893 0.003473749977191909 0.04855550657461194
v 0.0033989097908382893 0.003473749977191909 0.04855550657461194
v 0.0024625199482771754 0.003473749977191909 0.04855550657461194
v 0.0033989097908382893 0.002836880024443267 0.0484546507495347
v 0.0024625199482771754 0.003473749977191909 0.04855550657461194
v 0.0024625199482771754 0.002836880024443267 0.0484546507495347
v 0.0033989097908382893 0.002836880024443267 0.0484546507495347
v 0.0033989097908382893 0.002836880024443267 0.0484546507495347
v 0.0024625199482771754 0.002836880024443267 0.0484546507495347
v 0.0033989097908382893 0.0022623599560031293 0.048161910887913884
v 0.0024625199482771754 0.002836880024443267 0.0484546507495347
v 0.0024625199482771754 0.0022623599560031293 0.048161910887913884
v 0.0033989097908382893 0.0022623599560031293 0.048161910887913884
v 0.0024625199482771754 0.0018064099146483104 0.04770596874417432
v 0.0033989097908382893 0.0018064099146483104 0.04770596874417432
v 0.0024625199482771754 0.0022623599560031293 0.048161910887913884
v 0.0033989097908382893 0.0022623599560031293 0.048161910887913884
v 0.0024625199482771754 0.0022623599560031293 0.048161910887913884
v 0.0033989097908382893 0.0018064099146483104 0.04770596874417432
v 0.0033989097908382893 0.0018064099146483104 0.04770596874417432
v 0.0024625199482771754 0.0018064099146483104 0.04770596874417432
v 0.0033989097908382893 0.0015136800368052705 0.04713143720184032
v 0.0024625199482771754 0.0018064099146483104 0.04770596874417432
v 0.0024625199482771754 0.0015136800368052705 0.04713143720184032
v 0.0033989097908382893 0.0015136800368052705 0.04713143720184032
v 0.0033989097908382893 0.0015136800368052705 0.04713143720184032
v 0.0024625199482771754 0.0015136800368052705 0.04713143720184032
v 0.0033989097908382893 0.0014128099066136046 0.046494578275950715
v 0.0024625199482771754 0.0015136800368052705 0.04713143720184032
v 0.0024625199482771754 0.0014128099066136046 0.046494578275950715
v 0.0033989097908382893 0.0014128099066136046 0.046494578275950715
v 0.0033989097908382893 0.0014128099066136046 0.046494578275950715
v 0.0024625199482771754 0.0014128099066136046 0.046494578275950715
v 0.0033989097908382893 0.0015136800368052705 0.04585771935006111
v 0.0024625199482771754 0.0014128099066136046 0.046494578275950715
v 0.0024625199482771754 0.0015136800368052705 0.04585771935006111
v 0.0033989097908382893 0.0015136800368052705 0.04585771935006111
v 0.0033989097908382893 0.0015136800368052705 0.04585771935006111
v 0.0024625199482771754 0.0015136800368052705 0.04585771935006111
v 0.0033989097908382893 0.0018064099146483104 0.04528317827098416
v 0.0024625199482771754 0.0015136800368052705 0.04585771935006111
v 0.0024625199482771754 0.0018064099146483104 0.04528317827098416
v 0.0033989097908382893 0.0018064099146483104 0.04528317827098416
v 0.0024625199482771754 0.0022623599560031293 0.04482723135887312
v 0.0033989097908382893 0.0022623599560031293 0.04482723135887312
v 0.0024625199482771754 0.0018064099146483104 0.04528317827098416
v 0.0033989097908382893 0.0018064099146483104 0.04528317827098416
v 0.0024625199482771754 0.0018064099146483104 0.04528317827098416
v 0.0033989097908382893 0.0022623599560031293 0.04482723135887312
v 0.0033989097908382893 0.0022623599560031293 0.04482723135887312
v 0.0024625199482771754 0.0022623599560031293 0.04482723135887312
v 0.0033989097908382893 0.002836880024443267 0.044534510570738206
v 0.0024625199482771754 0.0022623599560031293 0.04482723135887312
v 0.0024625199482771754 0.002836880024443267 0.044534510570738206
v 0.0033989097908382893 0.002836880024443267 0.044534510570738206
v 0.0033989097908382893 0.002836880024443267 0.044534510570738206
v 0.0024625199482771754 0.002836880024443267 0.044534510570738206
v 0.0033989097908382893 0.003473749977191909 0.04443363090380359
v 0.0024625199482771754 0.002836880024443267 0.044534510570738206
v 0.0024625199482771754 0.003473749977191909 0.04443363090380359
v 0.0033989097908382893 0.003473749977191909 0.04443363090380359
v 0.0033989097908382893 0.003473749977191909 0.04443363090380359
v 0.0024625199482771754 0.003473749977191909 0.04443363090380359
v 0.0033989097908382893 0.004110619929940551 0.044534510570738206
v 0.0024625199482771754 0.003473749977191909 0.04443363090380359
v 0.0024625199482771754 0.004110619929940551 0.044534510570738206
v 0.0033989097908382893 0.004110619929940551 0.044534510570738206
v 0.0033989097908382893 0.004110619929940551 0.044534510570738206
v 0.0033989097908382893 0.00468513984936908 0.04482723135887312
v 0.0033989097908382893 0.003473749977191909 0.046494578275950715
v 0.0033989097908382893 0.00468513984936908 0.04482723135887312
v 0.0033989097908382893 0.0051410900397355075 0.04528317827098416
v 0.0033989097908382893 0.003473749977191909 0.046494578275950715
v 0.0033989097908382893 0.0051410900397355075 0.04528317827098416
v 0.0033989097908382893 0.005433819768566939 0.04585771935006111
v 0.0033989097908382893 0.003473749977191909 0.046494578275950715
v 0.0033989097908382893 0.005433819768566939 0.04585771935006111
v 0.0033989097908382893 0.005534689898758605 0.046494578275950715
v 0.0033989097908382893 0.003473749977191909 0.046494578275950715
v 0.0033989097908382893 0.005534689898758605 0.046494578275950715
v 0.0033989097908382893 0.005433819768566939 0.04713143720184032
v 0.0033989097908382893 0.003473749977191909 0.046494578275950715
v 0.0033989097908382893 0.005433819768566939 0.04713143720184032
v 0.0033989097908382893 0.0051410900397355075 0.04770596874417432
v 0.0033989097908382893 0.003473749977191909 0.046494578275950715
v 0.0033989097908382893 0.0051410900397355075 0.04770596874417432
v 0.0033989097908382893 0.00468513984936908 0.048161910887913884
v 0.0033989097908382893 0.003473749977191909 0.046494578275950715
v 0.0033989097908382893 0.00468513984936908 0.048161910887913884
v 0.0033989097908382893 0.004110619929940551 0.0484546507495347
v 0.0033989097908382893 0.003473749977191909 0.046494578275950715
v 0.0033989097908382893 0.004110619929940551 0.0484546507495347
v 0.0033989097908382893 0.003473749977191909 0.04855550657461194
v 0.0033989097908382893 0.003473749977191909 0.046494578275950715
v 0.0033989097908382893 0.003473749977191909 0.04855550657461194
v 0.0033989097908382893 0.002836880024443267 0.0484546507495347
v 0.0033989097908382893 0.003473749977191909 0.046494578275950715
v 0.0033989097908382893 0.002836880024443267 0.0484546507495347
v 0.0033989097908382893 0.0022623599560031293 0.048161910887913884
v 0.0033989097908382893 0.003473749977191909 0.046494578275950715
v 0.0033989097908382893 0.0022623599560031293 0.048161910887913884
v 0.0033989097908382893 0.0018064099146483104 0.04770596874417432
v 0.0033989097908382893 0.003473749977191909 0.046494578275950715
v 0.0033989097908382893 0.0018064099146483104 0.04770596874417432
v 0.0033989097908382893 0.0015136800368052705 0.04713143720184032
v 0.0033989097908382893 0.003473749977191909 0.046494578275950715
v 0.0033989097908382893 0.0015136800368052705 0.04713143720184032
v 0.0033989097908382893 0.0014128099066136046 0.046494578275950715
v 0.0033989097908382893 0.003473749977191909 0.046494578275950715
v 0.0033989097908382893 0.0014128099066136046 0.046494578275950715
v 0.0033989097908382893 0.0015136800368052705 0.04585771935006111
v 0.0033989097908382893 0.003473749977191909 0.046494578275950715
v 0.0033989097908382893 0.0015136800368052705 0.04585771935006111
v 0.0033989097908382893 0.0018064099146483104 0.04528317827098416
v 0.0033989097908382893 0.003473749977191909 0.046494578275950715
v 0.0033989097908382893 0.0018064099146483104 0.04528317827098416
v 0.0033989097908382893 0.0022623599560031293 0.04482723135887312
v 0.0033989097908382893 0.003473749977191909 0.046494578275950715
v 0.0033989097908382893 0.0022623599560031293 0.04482723135887312
v 0.0033989097908382893 0.002836880024443267 0.044534510570738206
v 0.0033989097908382893 0.003473749977191909 0.046494578275950715
v 0.0033989097908382893 0.002836880024443267 0.044534510570738206
v 0.0033989097908382893 0.003473749977191909 0.04443363090380359
v 0.0033989097908382893 0.003473749977191909 0.046494578275950715
v 0.0033989097908382893 0.003473749977191909 0.04443363090380359
v 0.0033989097908382893 0.004110619929940551 0.044534510570738206
v 0.0033989097908382893 0.003473749977191909 0.046494578275950715
v 0.004384210011715961 0.009300069601087202 0.06499999854713678
v 0.004384210011715961 0.0036282598161341273 0.05378428815787384
v 0.004384210011715961 0.009999999776482582 0.06430005883499845
v 0.004384210011715961 -0.009999999776482582 0.06430005883499845
v 0.004384210011715961 -0.007975449979853999 0.06330502845410191
v 0.004384210011715961 -0.009300069601087202 0.06499999854713678
v 0.004384210011715961 -0.0083072696259483 0.0629732070198683
v 0.004384210011715961 -0.009999999776482582 0.06430005883499845
v 0.004384210011715961 -0.008520299601846193 0.06255509713541496
v 0.004384210011715961 0.0027012100212005508 0.04887221703963984
v 0.004384210011715961 0.002973749869158493 0.05330876708085608
v 0.004384210011715961 0.0020042798965212716 0.04851710687912014
v 0.004384210011715961 -0.007975449979853999 0.06330502845410191
v 0.004384210011715961 -0.009999999776482582 0.06430005883499845
v 0.004384210011715961 -0.0083072696259483 0.0629732070198683
v 0.004384210011715961 -0.0025937100665187063 0.06209161619637271
v 0.004384210011715961 0.003473749977191909 0.0538087689770288
v 0.004384210011715961 0.009300069601087202 0.06499999854713678
v 0.004384210011715961 0.009999999776482582 0.06430005883499845
v 0.004384210011715961 0.003973749787202108 0.05330876708085608
v 0.004384210011715961 0.005496289607220373 0.04796403777679714
v 0.004384210011715961 0.009999999776482582 -0.0643000683717414
v 0.004384210011715961 0.009999999776482582 0.06430005883499845
v 0.004384210011715961 0.005851389634950688 0.04572203057135571
v 0.004384210011715961 0.003973749787202108 0.05330876708085608
v 0.004384210011715961 0.009999999776482582 0.06430005883499845
v 0.004384210011715961 0.003949279994906185 0.05346326708503213
v 0.004384210011715961 0.003473749977191909 0.0538087689770288
v 0.004384210011715961 -0.0025937100665187063 0.06209161619637271
v 0.004384210011715961 0.0033192398402264733 0.05378428815787384
v 0.004384210011715961 0.009300069601087202 0.06499999854713678
v 0.004384210011715961 0.009999999776482582 0.06430005883499845
v 0.004384210011715961 0.00979498960535996 0.06479499672066424
v 0.004384210011715961 0.009300069601087202 0.06499999854713678
v 0.004384210011715961 -0.00409355988889426 0.0635914788337466
v 0.004384210011715961 -0.003630079843921663 0.06351806975488206
v 0.004384210011715961 -0.009999999776482582 0.06430005883499845
v 0.004384210011715961 -0.009300069601087202 0.06499999854713678
v 0.004384210011715961 -0.00979498960535996 0.06479499672066424
v 0.004384210011715961 -0.009999999776482582 0.06430005883499845
v 0.004384210011715961 -0.008593709872803612 0.062018297716566195
v 0.004384210011715961 -0.008593709872803612 0.06209161619637271
v 0.004384210011715961 -0.009999999776482582 0.06430005883499845
v 0.004384210011715961 -0.008593709872803612 0.06209161619637271
v 0.004384210011715961 -0.008520299601846193 0.06255509713541496
v 0.004384210011715961 -0.00409355988889426 0.0635914788337466
v 0.004384210011715961 0.009300069601087202 0.06499999854713678
v 0.004384210011715961 -0.009300069601087202 0.06499999854713678
v 0.004384210011715961 -0.009300069601087202 0.06499999854713678
v 0.004384210011715961 -0.007975449979853999 0.06330502845410191
v 0.004384210011715961 -0.007557340095400655 0.06351806975488206
v 0.004384210011715961 -0.009300069601087202 0.06499999854713678
v 0.004384210011715961 -0.007557340095400655 0.06351806975488206
v 0.004384210011715961 -0.007093859752404841 0.0635914788337466
v 0.004384210011715961 -0.009300069601087202 0.06499999854713678
v 0.004384210011715961 -0.007093859752404841 0.0635914788337466
v 0.004384210011715961 -0.00409355988889426 0.0635914788337466
v 0.004384210011715961 0.009300069601087202 0.06499999854713678
v 0.004384210011715961 -0.003630079843921663 0.06351806975488206
v 0.004384210011715961 -0.0032119699594683193 0.06330502845410191
v 0.004384210011715961 0.009300069601087202 0.06499999854713678
v 0.004384210011715961 -0.0032119699594683193 0.06330502845410191
v 0.004384210011715961 -0.002880150015350802 0.0629732070198683
v 0.004384210011715961 0.0030692397862097653 0.053602660888373954
v 0.004384210011715961 -0.0025937100665187063 0.052282956862085506
v 0.004384210011715961 0.0029982199594776326 0.05346326708503213
v 0.004384210011715961 -0.002667120039452908 0.06255509713541496
v 0.004384210011715961 0.009300069601087202 0.06499999854713678
v 0.004384210011715961 -0.002880150015350802 0.0629732070198683
v 0.004384210011715961 -0.0025937100665187063 0.06209161619637271
v 0.004384210011715961 0.009300069601087202 0.06499999854713678
v 0.004384210011715961 -0.002667120039452908 0.06255509713541496
v 0.004384210011715961 -0.0025937100665187063 0.052282956862085506
v 0.004384210011715961 0.0009737499585654591 0.046494578275950715
v 0.004384210011715961 0.0010961099469041086 0.04726710690705982
v 0.004384210011715961 -0.0025937100665187063 0.052282956862085506
v 0.004384210011715961 0.0010961099469041086 0.04726710690705982
v 0.004384210011715961 0.0014512099001286194 0.04796403777679714
v 0.004384210011715961 -0.0025937100665187063 0.052282956862085506
v 0.004384210011715961 0.0014512099001286194 0.04796403777679714
v 0.004384210011715961 0.0020042798965212716 0.04851710687912014
v 0.004384210011715961 -0.0025937100665187063 0.052282956862085506
v 0.004384210011715961 0.0030692397862097653 0.053602660888373954
v 0.004384210011715961 -0.0025937100665187063 0.06209161619637271
v 0.004384210011715961 -0.0025937100665187063 0.052282956862085506
v 0.004384210011715961 0.0020042798965212716 0.04851710687912014
v 0.004384210011715961 0.002973749869158493 0.05330876708085608
v 0.004384210011715961 -0.0025937100665187063 0.052282956862085506
v 0.004384210011715961 0.002973749869158493 0.05330876708085608
v 0.004384210011715961 0.0029982199594776326 0.05346326708503213
v 0.004384210011715961 0.0033192398402264733 0.05378428815787384
v 0.004384210011715961 -0.0025937100665187063 0.06209161619637271
v 0.004384210011715961 0.0031798600439758573 0.05371327756986144
v 0.004384210011715961 -0.0025937100665187063 0.06209161619637271
v 0.004384210011715961 0.0030692397862097653 0.053602660888373954
v 0.004384210011715961 0.0031798600439758573 0.05371327756986144
v 0.004384210011715961 0.003949279994906185 0.05346326708503213
v 0.004384210011715961 0.009999999776482582 0.06430005883499845
v 0.004384210011715961 0.0038782598701508353 0.053602660888373954
v 0.004384210011715961 0.0036282598161341273 0.05378428815787384
v 0.004384210011715961 0.009300069601087202 0.06499999854713678
v 0.004384210011715961 0.003473749977191909 0.0538087689770288
v 0.004384210011715961 0.009999999776482582 0.06430005883499845
v 0.004384210011715961 0.0036282598161341273 0.05378428815787384
v 0.004384210011715961 0.0037676399104079605 0.05371327756986144
v 0.004384210011715961 0.009999999776482582 0.06430005883499845
v 0.004384210011715961 0.0037676399104079605 0.05371327756986144
v 0.004384210011715961 0.0038782598701508353 0.053602660888373954
v 0.004384210011715961 0.005851389634950688 0.04572203057135571
v 0.004384210011715961 0.009999999776482582 0.06430005883499845
v 0.004384210011715961 0.005973749623289337 0.046494578275950715
v 0.004384210011715961 0.009999999776482582 0.06430005883499845
v 0.004384210011715961 0.005496289607220373 0.04796403777679714
v 0.004384210011715961 0.005851389634950688 0.04726710690705982
v 0.004384210011715961 0.009999999776482582 0.06430005883499845
v 0.004384210011715961 0.005851389634950688 0.04726710690705982
v 0.004384210011715961 0.005973749623289337 0.046494578275950715
v 0.004384210011715961 0.009300069601087202 -0.06499999854713678
v 0.004384210011715961 0.009999999776482582 -0.0643000683717414
v 0.004384210011715961 -0.009999999776482582 -0.0643000683717414
v 0.004384210011715961 0.0020042798965212716 0.04447203059929539
v 0.004384210011715961 -0.0025937100665187063 0.0058603500009994924
v 0.004384210011715961 0.0027012100212005508 0.04411693951226159
v 0.004384210011715961 0.009300069601087202 -0.06499999854713678
v 0.004384210011715961 -0.009999999776482582 -0.0643000683717414
v 0.004384210011715961 -0.009300069601087202 -0.06499999854713678
v 0.004384210011715961 0.005496289607220373 0.04502511877510429
v 0.004384210011715961 -0.0025937100665187063 0.0058603500009994924
v 0.004384210011715961 0.005851389634950688 0.04572203057135571
v 0.004384210011715961 -0.0070853297318816955 0.0003107599844613673
v 0.004384210011715961 0.009999999776482582 -0.0643000683717414
v 0.004384210011715961 -0.006629959792719187 0.0005955899746211621
v 0.004384210011715961 0.009999999776482582 -0.0643000683717414
v 0.004384210011715961 -0.0070853297318816955 0.0003107599844613673
v 0.004384210011715961 -0.009999999776482582 -0.0643000683717414
v 0.004384210011715961 -0.009300069601087202 -0.06499999854713678
v 0.004384210011715961 -0.009999999776482582 -0.0643000683717414
v 0.004384210011715961 -0.00979498960535996 -0.06479499672066424
v 0.004384210011715961 -0.003116230000937803 0.004229620004528312
v 0.004384210011715961 0.009999999776482582 -0.0643000683717414
v 0.004384210011715961 -0.0028918000409349776 0.0046017797752817
v 0.004384210011715961 0.009999999776482582 -0.0643000683717414
v 0.004384210011715961 0.009300069601087202 -0.06499999854713678
v 0.004384210011715961 0.00979498960535996 -0.06479499672066424
v 0.004384210011715961 0.0027012100212005508 0.04411693951226159
v 0.004384210011715961 -0.0025937100665187063 0.0058603500009994924
v 0.004384210011715961 0.003473749977191909 0.04399457833183007
v 0.004384210011715961 0.004943209776061552 0.04447203059929539
v 0.004384210011715961 -0.0025937100665187063 0.0058603500009994924
v 0.004384210011715961 0.005496289607220373 0.04502511877510429
v 0.004384210011715961 0.004246289933183267 0.04411693951226159
v 0.004384210011715961 -0.0025937100665187063 0.0058603500009994924
v 0.004384210011715961 0.004943209776061552 0.04447203059929539
v 0.004384210011715961 0.003473749977191909 0.04399457833183007
v 0.004384210011715961 -0.0025937100665187063 0.0058603500009994924
v 0.004384210011715961 0.004246289933183267 0.04411693951226159
v 0.004384210011715961 0.0014512099001286194 0.04502511877510429
v 0.004384210011715961 -0.0025937100665187063 0.0058603500009994924
v 0.004384210011715961 0.0020042798965212716 0.04447203059929539
v 0.004384210011715961 -0.0025937100665187063 0.052282956862085506
v 0.004384210011715961 0.0010961099469041086 0.04572203057135571
v 0.004384210011715961 0.0009737499585654591 0.046494578275950715
v 0.004384210011715961 0.009999999776482582 -0.0643000683717414
v 0.004384210011715961 0.005851389634950688 0.04572203057135571
v 0.004384210011715961 -0.0025937100665187063 0.0058603500009994924
v 0.004384210011715961 0.009999999776482582 -0.0643000683717414
v 0.004384210011715961 -0.0025937100665187063 0.0058603500009994924
v 0.004384210011715961 -0.0026273598679745214 0.0054270397403752835
v 0.004384210011715961 0.009999999776482582 -0.0643000683717414
v 0.004384210011715961 -0.0026273598679745214 0.0054270397403752835
v 0.004384210011715961 -0.002727529941628948 0.00500414002677485
v 0.004384210011715961 0.009999999776482582 -0.0643000683717414
v 0.004384210011715961 -0.002727529941628948 0.00500414002677485
v 0.004384210011715961 -0.0028918000409349776 0.0046017797752817
v 0.004384210011715961 0.009999999776482582 -0.0643000683717414
v 0.004384210011715961 -0.003116230000937803 0.004229620004528312
v 0.004384210011715961 -0.003395439906520248 0.0038965799533595136
v 0.004384210011715961 0.009999999776482582 -0.0643000683717414
v 0.004384210011715961 -0.003395439906520248 0.0038965799533595136
v 0.004384210011715961 -0.006629959792719187 0.0005955899746211621
v 0.004384210011715961 -0.00811772984003134 0.00046782999185107643
v 0.004384210011715961 -0.009999999776482582 -0.0643000683717414
v 0.004384210011715961 -0.007620469757457005 0.0002648199849243464
v 0.004384210011715961 -0.009999999776482582 -0.0643000683717414
v 0.004384210011715961 -0.0070853297318816955 0.0003107599844613673
v 0.004384210011715961 -0.007620469757457005 0.0002648199849243464
v 0.004384210011715961 -0.009999999776482582 0.06430005883499845
v 0.004384210011715961 -0.009999999776482582 -0.0643000683717414
v 0.004384210011715961 -0.008593709872803612 0.0013973200008872144
v 0.004384210011715961 -0.008467789699112105 0.00087518995534204
v 0.004384210011715961 -0.009999999776482582 -0.0643000683717414
v 0.004384210011715961 -0.00811772984003134 0.00046782999185107643
v 0.004384210011715961 -0.008593709872803612 0.0013973200008872144
v 0.004384210011715961 -0.009999999776482582 -0.0643000683717414
v 0.004384210011715961 -0.008467789699112105 0.00087518995534204
v 0.004384210011715961 -0.0025937100665187063 0.0058603500009994924
v 0.004384210011715961 0.0010961099469041086 0.04572203057135571
v 0.004384210011715961 -0.0025937100665187063 0.052282956862085506
v 0.004384210011715961 -0.009999999776482582 0.06430005883499845
v 0.004384210011715961 -0.008593709872803612 0.0013973200008872144
v 0.004384210011715961 -0.008593709872803612 0.062018297716566195
v 0.004384210011715961 0.0010961099469041086 0.04572203057135571
v 0.004384210011715961 -0.0025937100665187063 0.0058603500009994924
v 0.004384210011715961 0.0014512099001286194 0.04502511877510429
v 0.004384210011715961 0.0009737499585654591 0.046494578275950715
v 0.002603929878683464 0.0009737499585654591 0.046494578275950715
v 0.004384210011715961 0.0010961099469041086 0.04726710690705982
v 0.002603929878683464 0.0010961099469041086 0.04726710690705982
v 0.004384210011715961 0.0010961099469041086 0.04726710690705982
v 0.002603929878683464 0.0009737499585654591 0.046494578275950715
v 0.004384210011715961 0.0010961099469041086 0.04726710690705982
v 0.002603929878683464 0.0010961099469041086 0.04726710690705982
v 0.004384210011715961 0.0014512099001286194 0.04796403777679714
v 0.002603929878683464 0.0014512099001286194 0.04796403777679714
v 0.004384210011715961 0.0014512099001286194 0.04796403777679714
v 0.002603929878683464 0.0010961099469041086 0.04726710690705982
v 0.002603929878683464 0.0014512099001286194 0.04796403777679714
v 0.004384210011715961 0.0020042798965212716 0.04851710687912014
v 0.004384210011715961 0.0014512099001286194 0.04796403777679714
v 0.004384210011715961 0.0020042798965212716 0.04851710687912014
v 0.002603929878683464 0.0014512099001286194 0.04796403777679714
v 0.002603929878683464 0.0020042798965212716 0.04851710687912014
v 0.002603929878683464 0.0020042798965212716 0.04851710687912014
v 0.004384210011715961 0.0027012100212005508 0.04887221703963984
v 0.004384210011715961 0.0020042798965212716 0.04851710687912014
v 0.004384210011715961 0.0027012100212005508 0.04887221703963984
v 0.002603929878683464 0.0020042798965212716 0.04851710687912014
v 0.002603929878683464 0.0027012100212005508 0.04887221703963984
v 0.004384210011715961 0.003473749977191909 0.052808760416311884
v 0.004384210011715961 0.003473749977191909 0.04899457822007136
v 0.004384210011715961 0.0036282598161341273 0.05283322693035242
v 0.004384210011715961 0.005496289607220373 0.04796403777679714
v 0.004384210011715961 0.003973749787202108 0.05330876708085608
v 0.004384210011715961 0.003949279994906185 0.05315425753993708
v 0.004384210011715961 0.0027012100212005508 0.04887221703963984
v 0.004384210011715961 0.0033192398402264733 0.05283322693035242
v 0.004384210011715961 0.0031798600439758573 0.05290425659185072
v 0.004384210011715961 0.003473749977191909 0.04899457822007136
v 0.004384210011715961 0.0033192398402264733 0.05283322693035242
v 0.004384210011715961 0.0027012100212005508 0.04887221703963984
v 0.004384210011715961 0.003949279994906185 0.05315425753993708
v 0.004384210011715961 0.004943209776061552 0.04851710687912014
v 0.004384210011715961 0.005496289607220373 0.04796403777679714
v 0.004384210011715961 0.0038782598701508353 0.05301486850496673
v 0.004384210011715961 0.004246289933183267 0.04887221703963984
v 0.004384210011715961 0.004943209776061552 0.04851710687912014
v 0.004384210011715961 0.004246289933183267 0.04887221703963984
v 0.004384210011715961 0.0036282598161341273 0.05283322693035242
v 0.004384210011715961 0.003473749977191909 0.04899457822007136
v 0.004384210011715961 0.002973749869158493 0.05330876708085608
v 0.004384210011715961 0.0027012100212005508 0.04887221703963984
v 0.004384210011715961 0.0029982199594776326 0.05315425753993708
v 0.004384210011715961 0.0033192398402264733 0.05283322693035242
v 0.004384210011715961 0.003473749977191909 0.04899457822007136
v 0.004384210011715961 0.003473749977191909 0.052808760416311884
v 0.004384210011715961 0.0030692397862097653 0.05301486850496673
v 0.004384210011715961 0.0027012100212005508 0.04887221703963984
v 0.004384210011715961 0.0031798600439758573 0.05290425659185072
v 0.004384210011715961 0.0029982199594776326 0.05315425753993708
v 0.004384210011715961 0.0027012100212005508 0.04887221703963984
v 0.004384210011715961 0.0030692397862097653 0.05301486850496673
v 0.004384210011715961 0.0036282598161341273 0.05283322693035242
v 0.004384210011715961 0.004246289933183267 0.04887221703963984
v 0.004384210011715961 0.0037676399104079605 0.05290425659185072
v 0.004384210011715961 0.004246289933183267 0.04887221703963984
v 0.004384210011715961 0.0038782598701508353 0.05301486850496673
v 0.004384210011715961 0.0037676399104079605 0.05290425659185072
v 0.004384210011715961 0.004943209776061552 0.04851710687912014
v 0.004384210011715961 0.003949279994906185 0.05315425753993708
v 0.004384210011715961 0.0038782598701508353 0.05301486850496673
v 0.004384210011715961 0.002973749869158493 0.05330876708085608
v 0.0026039498462390176 0.002973749869158493 0.05330876708085608
v 0.004384210011715961 0.0029982199594776326 0.05346326708503213
v 0.0026039498462390176 0.0029982199594776326 0.053463290926889506
v 0.004384210011715961 0.0029982199594776326 0.05346326708503213
v 0.0026039498462390176 0.002973749869158493 0.05330876708085608
v 0.004384210011715961 0.0029982199594776326 0.05346326708503213
v 0.0026039498462390176 0.0029982199594776326 0.053463290926889506
v 0.004384210011715961 0.0030692397862097653 0.053602660888373954
v 0.0026039498462390176 0.0030692397862097653 0.053602660888373954
v 0.004384210011715961 0.0030692397862097653 0.053602660888373954
v 0.0026039498462390176 0.0029982199594776326 0.053463290926889506
v 0.004384210011715961 0.0030692397862097653 0.053602660888373954
v 0.0026039498462390176 0.0030692397862097653 0.053602660888373954
v 0.004384210011715961 0.0031798600439758573 0.05371327756986144
v 0.0026039498462390176 0.0031798600439758573 0.05371327756986144
v 0.004384210011715961 0.0031798600439758573 0.05371327756986144
v 0.0026039498462390176 0.0030692397862097653 0.053602660888373954
v 0.0026039498462390176 0.0031798600439758573 0.05371327756986144
v 0.004384210011715961 0.0033192398402264733 0.05378428815787384
v 0.004384210011715961 0.0031798600439758573 0.05371327756986144
v 0.004384210011715961 0.0033192398402264733 0.05378428815787384
v 0.0026039498462390176 0.0031798600439758573 0.05371327756986144
v 0.0026039498462390176 0.0033192398402264733 0.05378428815787384
v 0.0026039498462390176 0.0033192398402264733 0.05378428815787384
v 0.004384210011715961 0.003473749977191909 0.0538087689770288
v 0.004384210011715961 0.0033192398402264733 0.05378428815787384
v 0.004384210011715961 0.003473749977191909 0.0538087689770288
v 0.0026039498462390176 0.0033192398402264733 0.05378428815787384
v 0.0026039498462390176 0.003473749977191909 0.0538087689770288
v 0.0026039498462390176 0.003473749977191909 0.0538087689770288
v 0.004384210011715961 0.0036282598161341273 0.05378428815787384
v 0.004384210011715961 0.003473749977191909 0.0538087689770288
v 0.004384210011715961 0.0036282598161341273 0.05378428815787384
v 0.0026039498462390176 0.003473749977191909 0.0538087689770288
v 0.0026039498462390176 0.0036282598161341273 0.05378428815787384
v 0.0026039498462390176 0.0036282598161341273 0.05378428815787384
v 0.004384210011715961 0.0037676399104079605 0.05371327756986144
v 0.004384210011715961 0.0036282598161341273 0.05378428815787384
v 0.004384210011715961 0.0037676399104079605 0.05371327756986144
v 0.0026039498462390176 0.0036282598161341273 0.05378428815787384
v 0.0026039498462390176 0.0037676399104079605 0.05371327756986144
v 0.0026039498462390176 0.0037676399104079605 0.05371327756986144
v 0.004384210011715961 0.0038782598701508353 0.053602660888373954
v 0.004384210011715961 0.0037676399104079605 0.05371327756986144
v 0.004384210011715961 0.0038782598701508353 0.053602660888373954
v 0.0026039498462390176 0.0037676399104079605 0.05371327756986144
v 0.0026039498462390176 0.0038782598701508353 0.053602660888373954
v 0.004384210011715961 0.0038782598701508353 0.053602660888373954
v 0.0026039498462390176 0.003949279994906185 0.053463290926889506
v 0.004384210011715961 0.003949279994906185 0.05346326708503213
v 0.0026039498462390176 0.003949279994906185 0.053463290926889506
v 0.004384210011715961 0.0038782598701508353 0.053602660888373954
v 0.0026039498462390176 0.0038782598701508353 0.053602660888373954
v 0.004384210011715961 0.003949279994906185 0.05346326708503213
v 0.0026039498462390176 0.003973749787202108 0.05330876708085608
v 0.004384210011715961 0.003973749787202108 0.05330876708085608
v 0.0026039498462390176 0.003973749787202108 0.05330876708085608
v 0.004384210011715961 0.003949279994906185 0.05346326708503213
v 0.0026039498462390176 0.003949279994906185 0.053463290926889506
v 0.002603929878683464 0.005496289607220373 0.04796403777679714
v 0.004384210011715961 0.005851389634950688 0.04726710690705982
v 0.004384210011715961 0.005496289607220373 0.04796403777679714
v 0.004384210011715961 0.005851389634950688 0.04726710690705982
v 0.002603929878683464 0.005496289607220373 0.04796403777679714
v 0.002603929878683464 0.005851389634950688 0.04726710690705982
v 0.002603929878683464 0.005851389634950688 0.04726710690705982
v 0.004384210011715961 0.005973749623289337 0.046494578275950715
v 0.004384210011715961 0.005851389634950688 0.04726710690705982
v 0.004384210011715961 0.005973749623289337 0.046494578275950715
v 0.002603929878683464 0.005851389634950688 0.04726710690705982
v 0.002603929878683464 0.005973749623289337 0.046494578275950715
v 0.002603929878683464 0.005973749623289337 0.046494578275950715
v 0.004384210011715961 0.005851389634950688 0.04572203057135571
v 0.004384210011715961 0.005973749623289337 0.046494578275950715
v 0.004384210011715961 0.005851389634950688 0.04572203057135571
v 0.002603929878683464 0.005973749623289337 0.046494578275950715
v 0.002603929878683464 0.005851389634950688 0.04572203057135571
v 0.002603929878683464 0.005851389634950688 0.04572203057135571
v 0.004384210011715961 0.005496289607220373 0.04502511877510429
v 0.004384210011715961 0.005851389634950688 0.04572203057135571
v 0.004384210011715961 0.005496289607220373 0.04502511877510429
v 0.002603929878683464 0.005851389634950688 0.04572203057135571
v 0.002603929878683464 0.005496289607220373 0.04502511877510429
v 0.002603929878683464 0.005496289607220373 0.04502511877510429
v 0.004384210011715961 0.004943209776061552 0.04447203059929539
v 0.004384210011715961 0.005496289607220373 0.04502511877510429
v 0.004384210011715961 0.004943209776061552 0.04447203059929539
v 0.002603929878683464 0.005496289607220373 0.04502511877510429
v 0.002603929878683464 0.004943209776061552 0.04447203059929539
v 0.002603929878683464 0.004943209776061552 0.04447203059929539
v 0.004384210011715961 0.004246289933183267 0.04411693951226159
v 0.004384210011715961 0.004943209776061552 0.04447203059929539
v 0.004384210011715961 0.004246289933183267 0.04411693951226159
v 0.002603929878683464 0.004943209776061552 0.04447203059929539
v 0.002603929878683464 0.004246289933183267 0.04411693951226159
v 0.002603929878683464 0.004246289933183267 0.04411693951226159
v 0.004384210011715961 0.003473749977191909 0.04399457833183007
v 0.004384210011715961 0.004246289933183267 0.04411693951226159
v 0.004384210011715961 0.003473749977191909 0.04399457833183007
v 0.002603929878683464 0.004246289933183267 0.04411693951226159
v 0.002603929878683464 0.003473749977191909 0.04399457833183007
v 0.002603929878683464 0.003473749977191909 0.04399457833183007
v 0.004384210011715961 0.0027012100212005508 0.04411693951226159
v 0.004384210011715961 0.003473749977191909 0.04399457833183007
v 0.004384210011715961 0.0027012100212005508 0.04411693951226159
v 0.002603929878683464 0.003473749977191909 0.04399457833183007
v 0.002603929878683464 0.0027012100212005508 0.04411693951226159
v 0.002603929878683464 0.0027012100212005508 0.04411693951226159
v 0.004384210011715961 0.0020042798965212716 0.04447203059929539
v 0.004384210011715961 0.0027012100212005508 0.04411693951226159
v 0.004384210011715961 0.0020042798965212716 0.04447203059929539
v 0.002603929878683464 0.0027012100212005508 0.04411693951226159
v 0.002603929878683464 0.0020042798965212716 0.04447203059929539
v 0.004384210011715961 0.0020042798965212716 0.04447203059929539
v 0.002603929878683464 0.0020042798965212716 0.04447203059929539
v 0.004384210011715961 0.0014512099001286194 0.04502511877510429
v 0.002603929878683464 0.0014512099001286194 0.04502511877510429
v 0.004384210011715961 0.0014512099001286194 0.04502511877510429
v 0.002603929878683464 0.0020042798965212716 0.04447203059929539
v 0.004384210011715961 0.0014512099001286194 0.04502511877510429
v 0.002603929878683464 0.0014512099001286194 0.04502511877510429
v 0.004384210011715961 0.0010961099469041086 0.04572203057135571
v 0.002603929878683464 0.0010961099469041086 0.04572203057135571
v 0.004384210011715961 0.0010961099469041086 0.04572203057135571
v 0.002603929878683464 0.0014512099001286194 0.04502511877510429
v 0.004384210011715961 0.0010961099469041086 0.04572203057135571
v 0.002603929878683464 0.0010961099469041086 0.04572203057135571
v 0.004384210011715961 0.0009737499585654591 0.046494578275950715
v 0.002603929878683464 0.0009737499585654591 0.046494578275950715
v 0.004384210011715961 0.0009737499585654591 0.046494578275950715
v 0.002603929878683464 0.0010961099469041086 0.04572203057135571
v 0.002603929878683464 0.0009737499585654591 0.046494578275950715
v 0.002603929878683464 0.003473749977191909 0.046494578275950715
v 0.002603929878683464 0.0010961099469041086 0.04726710690705982
v 0.002603929878683464 0.0010961099469041086 0.04726710690705982
v 0.002603929878683464 0.003473749977191909 0.046494578275950715
v 0.002603929878683464 0.0014512099001286194 0.04796403777679714
v 0.002603929878683464 0.0014512099001286194 0.04796403777679714
v 0.002603929878683464 0.003473749977191909 0.046494578275950715
v 0.002603929878683464 0.0020042798965212716 0.04851710687912014
v 0.002603929878683464 0.0027012100212005508 0.04887221703963984
v 0.004384210011715961 0.003473749977191909 0.04899457822007136
v 0.004384210011715961 0.0027012100212005508 0.04887221703963984
v 0.004384210011715961 0.003473749977191909 0.04899457822007136
v 0.002603929878683464 0.0027012100212005508 0.04887221703963984
v 0.002603929878683464 0.003473749977191909 0.04899457822007136
v 0.002603929878683464 0.0020042798965212716 0.04851710687912014
v 0.002603929878683464 0.003473749977191909 0.046494578275950715
v 0.002603929878683464 0.0027012100212005508 0.04887221703963984
v 0.0026039498462390176 0.003973749787202108 0.05330876708085608
v 0.004384210011715961 0.003949279994906185 0.05315425753993708
v 0.004384210011715961 0.003973749787202108 0.05330876708085608
v 0.004384210011715961 0.003949279994906185 0.05315425753993708
v 0.0026039498462390176 0.003973749787202108 0.05330876708085608
v 0.0026039498462390176 0.003949279994906185 0.05315425753993708
v 0.0026039498462390176 0.003949279994906185 0.05315425753993708
v 0.004384210011715961 0.0038782598701508353 0.05301486850496673
v 0.004384210011715961 0.003949279994906185 0.05315425753993708
v 0.004384210011715961 0.0038782598701508353 0.05301486850496673
v 0.0026039498462390176 0.003949279994906185 0.05315425753993708
v 0.0026039498462390176 0.0038782598701508353 0.05301486850496673
v 0.0026039498462390176 0.0038782598701508353 0.05301486850496673
v 0.004384210011715961 0.0037676399104079605 0.05290425659185072
v 0.004384210011715961 0.0038782598701508353 0.05301486850496673
v 0.004384210011715961 0.0037676399104079605 0.05290425659185072
v 0.0026039498462390176 0.0038782598701508353 0.05301486850496673
v 0.0026039498462390176 0.0037676399104079605 0.05290425659185072
v 0.0026039498462390176 0.0037676399104079605 0.05290425659185072
v 0.004384210011715961 0.0036282598161341273 0.05283322693035242
v 0.004384210011715961 0.0037676399104079605 0.05290425659185072
v 0.004384210011715961 0.0036282598161341273 0.05283322693035242
v 0.0026039498462390176 0.0037676399104079605 0.05290425659185072
v 0.0026039498462390176 0.0036282598161341273 0.05283322693035242
v 0.0026039498462390176 0.0036282598161341273 0.05283322693035242
v 0.004384210011715961 0.003473749977191909 0.052808760416311884
v 0.004384210011715961 0.0036282598161341273 0.05283322693035242
v 0.004384210011715961 0.003473749977191909 0.052808760416311884
v 0.0026039498462390176 0.0036282598161341273 0.05283322693035242
v 0.0026039498462390176 0.003473749977191909 0.052808760416311884
v 0.0026039498462390176 0.003473749977191909 0.052808760416311884
v 0.004384210011715961 0.0033192398402264733 0.05283322693035242
v 0.004384210011715961 0.003473749977191909 0.052808760416311884
v 0.004384210011715961 0.0033192398402264733 0.05283322693035242
v 0.0026039498462390176 0.003473749977191909 0.052808760416311884
v 0.0026039498462390176 0.0033192398402264733 0.05283322693035242
v 0.0026039498462390176 0.0033192398402264733 0.05283322693035242
v 0.004384210011715961 0.0031798600439758573 0.05290425659185072
v 0.004384210011715961 0.0033192398402264733 0.05283322693035242
v 0.004384210011715961 0.0031798600439758573 0.05290425659185072
v 0.0026039498462390176 0.0033192398402264733 0.05283322693035242
v 0.0026039498462390176 0.0031798600439758573 0.05290425659185072
v 0.0026039498462390176 0.0031798600439758573 0.05290425659185072
v 0.004384210011715961 0.0030692397862097653 0.05301486850496673
v 0.004384210011715961 0.0031798600439758573 0.05290425659185072
v 0.004384210011715961 0.0030692397862097653 0.05301486850496673
v 0.0026039498462390176 0.0031798600439758573 0.05290425659185072
v 0.0026039498462390176 0.0030692397862097653 0.05301486850496673
v 0.004384210011715961 0.0030692397862097653 0.05301486850496673
v 0.0026039498462390176 0.0030692397862097653 0.05301486850496673
v 0.004384210011715961 0.0029982199594776326 0.05315425753993708
v 0.0026039498462390176 0.0029982199594776326 0.05315425753993708
v 0.004384210011715961 0.0029982199594776326 0.05315425753993708
v 0.0026039498462390176 0.0030692397862097653 0.05301486850496673
v 0.004384210011715961 0.0029982199594776326 0.05315425753993708
v 0.0026039498462390176 0.0029982199594776326 0.05315425753993708
v 0.004384210011715961 0.002973749869158493 0.05330876708085608
v 0.0026039498462390176 0.002973749869158493 0.05330876708085608
v 0.004384210011715961 0.002973749869158493 0.05330876708085608
v 0.0026039498462390176 0.0029982199594776326 0.05315425753993708
v 0.002603929878683464 0.003473749977191909 0.04899457822007136
v 0.004384210011715961 0.004246289933183267 0.04887221703963984
v 0.004384210011715961 0.003473749977191909 0.04899457822007136
v 0.004384210011715961 0.004246289933183267 0.04887221703963984
v 0.002603929878683464 0.003473749977191909 0.04899457822007136
v 0.002603929878683464 0.004246289933183267 0.04887221703963984
v 0.002603929878683464 0.004246289933183267 0.04887221703963984
v 0.004384210011715961 0.004943209776061552 0.04851710687912014
v 0.004384210011715961 0.004246289933183267 0.04887221703963984
v 0.004384210011715961 0.004943209776061552 0.04851710687912014
v 0.002603929878683464 0.004246289933183267 0.04887221703963984
v 0.002603929878683464 0.004943209776061552 0.04851710687912014
v 0.002603929878683464 0.004943209776061552 0.04851710687912014
v 0.004384210011715961 0.005496289607220373 0.04796403777679714
v 0.004384210011715961 0.004943209776061552 0.04851710687912014
v 0.004384210011715961 0.005496289607220373 0.04796403777679714
v 0.002603929878683464 0.004943209776061552 0.04851710687912014
v 0.002603929878683464 0.005496289607220373 0.04796403777679714
v 0.0026039498462390176 0.002973749869158493 0.05330876708085608
v 0.0026039498462390176 0.003473749977191909 0.05330876708085608
v 0.0026039498462390176 0.0029982199594776326 0.053463290926889506
v 0.0026039498462390176 0.0029982199594776326 0.053463290926889506
v 0.0026039498462390176 0.003473749977191909 0.05330876708085608
v 0.0026039498462390176 0.0030692397862097653 0.053602660888373954
v 0.0026039498462390176 0.0030692397862097653 0.053602660888373954
v 0.0026039498462390176 0.003473749977191909 0.05330876708085608
v 0.0026039498462390176 0.0031798600439758573 0.05371327756986144
v 0.0026039498462390176 0.0031798600439758573 0.05371327756986144
v 0.0026039498462390176 0.003473749977191909 0.05330876708085608
v 0.0026039498462390176 0.0033192398402264733 0.05378428815787384
v 0.0026039498462390176 0.0033192398402264733 0.05378428815787384
v 0.0026039498462390176 0.003473749977191909 0.05330876708085608
v 0.0026039498462390176 0.003473749977191909 0.0538087689770288
v 0.0026039498462390176 0.003473749977191909 0.0538087689770288
v 0.0026039498462390176 0.003473749977191909 0.05330876708085608
v 0.0026039498462390176 0.0036282598161341273 0.05378428815787384
v 0.0026039498462390176 0.0036282598161341273 0.05378428815787384
v 0.0026039498462390176 0.003473749977191909 0.05330876708085608
v 0.0026039498462390176 0.0037676399104079605 0.05371327756986144
v 0.0026039498462390176 0.0037676399104079605 0.05371327756986144
v 0.0026039498462390176 0.003473749977191909 0.05330876708085608
v 0.0026039498462390176 0.0038782598701508353 0.053602660888373954
v 0.0026039498462390176 0.0038782598701508353 0.053602660888373954
v 0.0026039498462390176 0.003473749977191909 0.05330876708085608
v 0.0026039498462390176 0.003949279994906185 0.053463290926889506
v 0.0026039498462390176 0.003949279994906185 0.053463290926889506
v 0.0026039498462390176 0.003473749977191909 0.05330876708085608
v 0.0026039498462390176 0.003973749787202108 0.05330876708085608
v 0.002603929878683464 0.005496289607220373 0.04796403777679714
v 0.002603929878683464 0.003473749977191909 0.046494578275950715
v 0.002603929878683464 0.005851389634950688 0.04726710690705982
v 0.002603929878683464 0.005851389634950688 0.04726710690705982
v 0.002603929878683464 0.003473749977191909 0.046494578275950715
v 0.002603929878683464 0.005973749623289337 0.046494578275950715
v 0.002603929878683464 0.005973749623289337 0.046494578275950715
v 0.002603929878683464 0.003473749977191909 0.046494578275950715
v 0.002603929878683464 0.005851389634950688 0.04572203057135571
v 0.002603929878683464 0.005851389634950688 0.04572203057135571
v 0.002603929878683464 0.003473749977191909 0.046494578275950715
v 0.002603929878683464 0.005496289607220373 0.04502511877510429
v 0.002603929878683464 0.005496289607220373 0.04502511877510429
v 0.002603929878683464 0.003473749977191909 0.046494578275950715
v 0.002603929878683464 0.004943209776061552 0.04447203059929539
v 0.002603929878683464 0.004943209776061552 0.04447203059929539
v 0.002603929878683464 0.003473749977191909 0.046494578275950715
v 0.002603929878683464 0.004246289933183267 0.04411693951226159
v 0.002603929878683464 0.004246289933183267 0.04411693951226159
v 0.002603929878683464 0.003473749977191909 0.046494578275950715
v 0.002603929878683464 0.003473749977191909 0.04399457833183007
v 0.002603929878683464 0.003473749977191909 0.04399457833183007
v 0.002603929878683464 0.003473749977191909 0.046494578275950715
v 0.002603929878683464 0.0027012100212005508 0.04411693951226159
v 0.002603929878683464 0.0027012100212005508 0.04411693951226159
v 0.002603929878683464 0.003473749977191909 0.046494578275950715
v 0.002603929878683464 0.0020042798965212716 0.04447203059929539
v 0.002603929878683464 0.0020042798965212716 0.04447203059929539
v 0.002603929878683464 0.003473749977191909 0.046494578275950715
v 0.002603929878683464 0.0014512099001286194 0.04502511877510429
v 0.002603929878683464 0.0014512099001286194 0.04502511877510429
v 0.002603929878683464 0.003473749977191909 0.046494578275950715
v 0.002603929878683464 0.0010961099469041086 0.04572203057135571
v 0.002603929878683464 0.0010961099469041086 0.04572203057135571
v 0.002603929878683464 0.003473749977191909 0.046494578275950715
v 0.002603929878683464 0.0009737499585654591 0.046494578275950715
v 0.002603929878683464 0.0027012100212005508 0.04887221703963984
v 0.002603929878683464 0.003473749977191909 0.046494578275950715
v 0.002603929878683464 0.003473749977191909 0.04899457822007136
v 0.0026039498462390176 0.003973749787202108 0.05330876708085608
v 0.0026039498462390176 0.003473749977191909 0.05330876708085608
v 0.0026039498462390176 0.003949279994906185 0.05315425753993708
v 0.0026039498462390176 0.003949279994906185 0.05315425753993708
v 0.0026039498462390176 0.003473749977191909 0.05330876708085608
v 0.0026039498462390176 0.0038782598701508353 0.05301486850496673
v 0.0026039498462390176 0.0038782598701508353 0.05301486850496673
v 0.0026039498462390176 0.003473749977191909 0.05330876708085608
v 0.0026039498462390176 0.0037676399104079605 0.05290425659185072
v 0.0026039498462390176 0.0037676399104079605 0.05290425659185072
v 0.0026039498462390176 0.003473749977191909 0.05330876708085608
v 0.0026039498462390176 0.0036282598161341273 0.05283322693035242
v 0.0026039498462390176 0.0036282598161341273 0.05283322693035242
v 0.0026039498462390176 0.003473749977191909 0.05330876708085608
v 0.0026039498462390176 0.003473749977191909 0.052808760416311884
v 0.0026039498462390176 0.003473749977191909 0.052808760416311884
v 0.0026039498462390176 0.003473749977191909 0.05330876708085608
v 0.0026039498462390176 0.0033192398402264733 0.05283322693035242
v 0.0026039498462390176 0.0033192398402264733 0.05283322693035242
v 0.0026039498462390176 0.003473749977191909 0.05330876708085608
v 0.0026039498462390176 0.0031798600439758573 0.05290425659185072
v 0.0026039498462390176 0.0031798600439758573 0.05290425659185072
v 0.0026039498462390176 0.003473749977191909 0.05330876708085608
v 0.0026039498462390176 0.0030692397862097653 0.05301486850496673
v 0.0026039498462390176 0.0030692397862097653 0.05301486850496673
v 0.0026039498462390176 0.003473749977191909 0.05330876708085608
v 0.0026039498462390176 0.0029982199594776326 0.05315425753993708
v 0.0026039498462390176 0.0029982199594776326 0.05315425753993708
v 0.0026039498462390176 0.003473749977191909 0.05330876708085608
v 0.0026039498462390176 0.002973749869158493 0.05330876708085608
v 0.002603929878683464 0.003473749977191909 0.04899457822007136
v 0.002603929878683464 0.003473749977191909 0.046494578275950715
v 0.002603929878683464 0.004246289933183267 0.04887221703963984
v 0.002603929878683464 0.004246289933183267 0.04887221703963984
v 0.002603929878683464 0.003473749977191909 0.046494578275950715
v 0.002603929878683464 0.004943209776061552 0.04851710687912014
v 0.002603929878683464 0.004943209776061552 0.04851710687912014
v 0.002603929878683464 0.003473749977191909 0.046494578275950715
v 0.002603929878683464 0.005496289607220373 0.04796403777679714
v 0.004384210011715961 -0.0025937100665187063 0.06209161619637271
v -0.003615779795890006 -0.0025937100665187063 0.06209161619637271
v 0.004384210011715961 -0.0025937100665187063 0.052282956862085506
v -0.003615779795890006 -0.0025937100665187063 0.0058603500009994924
v 0.004384210011715961 -0.0025937100665187063 0.052282956862085506
v -0.003615779795890006 -0.0025937100665187063 0.06209161619637271
v 0.004384210011715961 -0.0025937100665187063 0.052282956862085506
v -0.003615779795890006 -0.0025937100665187063 0.0058603500009994924
v 0.004384210011715961 -0.0025937100665187063 0.0058603500009994924
v -0.003615779795890006 -0.002667120039452908 0.06255509713541496
v 0.004384210011715961 -0.0025937100665187063 0.06209161619637271
v 0.004384210011715961 -0.002667120039452908 0.06255509713541496
v 0.004384210011715961 -0.0025937100665187063 0.06209161619637271
v -0.003615779795890006 -0.002667120039452908 0.06255509713541496
v -0.003615779795890006 -0.0025937100665187063 0.06209161619637271
v -0.003615779795890006 -0.0025937100665187063 0.0058603500009994924
v 0.004384210011715961 -0.0026273598679745214 0.0054270397403752835
v 0.004384210011715961 -0.0025937100665187063 0.0058603500009994924
v 0.004384210011715961 -0.0026273598679745214 0.0054270397403752835
v -0.003615779795890006 -0.0025937100665187063 0.0058603500009994924
v -0.003615779795890006 -0.0026273598679745214 0.0054270397403752835
v -0.003615779795890006 -0.002880150015350802 0.0629732070198683
v 0.004384210011715961 -0.002667120039452908 0.06255509713541496
v 0.004384210011715961 -0.002880150015350802 0.0629732070198683
v 0.004384210011715961 -0.002667120039452908 0.06255509713541496
v -0.003615779795890006 -0.002880150015350802 0.0629732070198683
v -0.003615779795890006 -0.002667120039452908 0.06255509713541496
v -0.003615779795890006 -0.0026273598679745214 0.0054270397403752835
v 0.004384210011715961 -0.002727529941628948 0.00500414002677485
v 0.004384210011715961 -0.0026273598679745214 0.0054270397403752835
v 0.004384210011715961 -0.002727529941628948 0.00500414002677485
v -0.003615779795890006 -0.0026273598679745214 0.0054270397403752835
v -0.003615779795890006 -0.002727529941628948 0.00500414002677485
v -0.003615779795890006 -0.0032119699594683193 0.06330502845410191
v 0.004384210011715961 -0.002880150015350802 0.0629732070198683
v 0.004384210011715961 -0.0032119699594683193 0.06330502845410191
v 0.004384210011715961 -0.002880150015350802 0.0629732070198683
v -0.003615779795890006 -0.0032119699594683193 0.06330502845410191
v -0.003615779795890006 -0.002880150015350802 0.0629732070198683
v -0.003615779795890006 -0.002727529941628948 0.00500414002677485
v 0.004384210011715961 -0.0028918000409349776 0.0046017797752817
v 0.004384210011715961 -0.002727529941628948 0.00500414002677485
v 0.004384210011715961 -0.0028918000409349776 0.0046017797752817
v -0.003615779795890006 -0.002727529941628948 0.00500414002677485
v -0.003615779795890006 -0.0028918000409349776 0.0046017797752817
v -0.003615779795890006 -0.003630079843921663 0.06351806975488206
v 0.004384210011715961 -0.0032119699594683193 0.06330502845410191
v 0.004384210011715961 -0.003630079843921663 0.06351806975488206
v 0.004384210011715961 -0.0032119699594683193 0.06330502845410191
v -0.003615779795890006 -0.003630079843921663 0.06351806975488206
v -0.003615779795890006 -0.0032119699594683193 0.06330502845410191
v -0.003615779795890006 -0.0028918000409349776 0.0046017797752817
v 0.004384210011715961 -0.003116230000937803 0.004229620004528312
v 0.004384210011715961 -0.0028918000409349776 0.0046017797752817
v 0.004384210011715961 -0.003116230000937803 0.004229620004528312
v -0.003615779795890006 -0.0028918000409349776 0.0046017797752817
v -0.003615779795890006 -0.003116230000937803 0.004229620004528312
v -0.003615779795890006 -0.00409355988889426 0.0635914788337466
v 0.004384210011715961 -0.003630079843921663 0.06351806975488206
v 0.004384210011715961 -0.00409355988889426 0.0635914788337466
v 0.004384210011715961 -0.003630079843921663 0.06351806975488206
v -0.003615779795890006 -0.00409355988889426 0.0635914788337466
v -0.003615779795890006 -0.003630079843921663 0.06351806975488206
v -0.003615779795890006 -0.003116230000937803 0.004229620004528312
v 0.004384210011715961 -0.003395439906520248 0.0038965799533595136
v 0.004384210011715961 -0.003116230000937803 0.004229620004528312
v 0.004384210011715961 -0.003395439906520248 0.0038965799533595136
v -0.003615779795890006 -0.003116230000937803 0.004229620004528312
v -0.003615779795890006 -0.003395439906520248 0.0038965799533595136
v -0.003615779795890006 -0.00409355988889426 0.0635914788337466
v 0.004384210011715961 -0.00409355988889426 0.0635914788337466
v -0.003615779795890006 -0.007093859752404841 0.0635914788337466
v 0.004384210011715961 -0.007093859752404841 0.0635914788337466
v -0.003615779795890006 -0.007093859752404841 0.0635914788337466
v 0.004384210011715961 -0.00409355988889426 0.0635914788337466
v -0.003615779795890006 -0.003395439906520248 0.0038965799533595136
v 0.004384210011715961 -0.006629959792719187 0.0005955899746211621
v 0.004384210011715961 -0.003395439906520248 0.0038965799533595136
v 0.004384210011715961 -0.006629959792719187 0.0005955899746211621
v -0.003615779795890006 -0.003395439906520248 0.0038965799533595136
v -0.003615779795890006 -0.006629959792719187 0.0005955899746211621
v -0.003615779795890006 -0.007557340095400655 0.06351806975488206
v 0.004384210011715961 -0.007093859752404841 0.0635914788337466
v 0.004384210011715961 -0.007557340095400655 0.06351806975488206
v 0.004384210011715961 -0.007093859752404841 0.0635914788337466
v -0.003615779795890006 -0.007557340095400655 0.06351806975488206
v -0.003615779795890006 -0.007093859752404841 0.0635914788337466
v -0.003615779795890006 -0.006629959792719187 0.0005955899746211621
v 0.004384210011715961 -0.0070853297318816955 0.0003107599844613673
v 0.004384210011715961 -0.006629959792719187 0.0005955899746211621
v 0.004384210011715961 -0.0070853297318816955 0.0003107599844613673
v -0.003615779795890006 -0.006629959792719187 0.0005955899746211621
v -0.003615779795890006 -0.0070853297318816955 0.0003107599844613673
v -0.003615779795890006 -0.007975449979853999 0.06330502845410191
v 0.004384210011715961 -0.007557340095400655 0.06351806975488206
v 0.004384210011715961 -0.007975449979853999 0.06330502845410191
v 0.004384210011715961 -0.007557340095400655 0.06351806975488206
v -0.003615779795890006 -0.007975449979853999 0.06330502845410191
v -0.003615779795890006 -0.007557340095400655 0.06351806975488206
v -0.003615779795890006 -0.0070853297318816955 0.0003107599844613673
v 0.004384210011715961 -0.007620469757457005 0.0002648199849243464
v 0.004384210011715961 -0.0070853297318816955 0.0003107599844613673
v 0.004384210011715961 -0.007620469757457005 0.0002648199849243464
v -0.003615779795890006 -0.0070853297318816955 0.0003107599844613673
v -0.003615779795890006 -0.007620469757457005 0.0002648199849243464
v 0.004384210011715961 -0.0083072696259483 0.0629732070198683
v -0.003615779795890006 -0.0083072696259483 0.0629732070198683
v 0.004384210011715961 -0.007975449979853999 0.06330502845410191
v -0.003615779795890006 -0.007975449979853999 0.06330502845410191
v 0.004384210011715961 -0.007975449979853999 0.06330502845410191
v -0.003615779795890006 -0.0083072696259483 0.0629732070198683
v -0.003615779795890006 -0.007620469757457005 0.0002648199849243464
v 0.004384210011715961 -0.00811772984003134 0.00046782999185107643
v 0.004384210011715961 -0.007620469757457005 0.0002648199849243464
v 0.004384210011715961 -0.00811772984003134 0.00046782999185107643
v -0.003615779795890006 -0.007620469757457005 0.0002648199849243464
v -0.003615779795890006 -0.00811772984003134 0.00046782999185107643
v 0.004384210011715961 -0.008520299601846193 0.06255509713541496
v -0.003615779795890006 -0.008520299601846193 0.06255509713541496
v 0.004384210011715961 -0.0083072696259483 0.0629732070198683
v -0.003615779795890006 -0.0083072696259483 0.0629732070198683
v 0.004384210011715961 -0.0083072696259483 0.0629732070198683
v -0.003615779795890006 -0.008520299601846193 0.06255509713541496
v 0.004384210011715961 -0.00811772984003134 0.00046782999185107643
v -0.003615779795890006 -0.00811772984003134 0.00046782999185107643
v 0.004384210011715961 -0.008467789699112105 0.00087518995534204
v -0.003615779795890006 -0.008467789699112105 0.00087518995534204
v 0.004384210011715961 -0.008467789699112105 0.00087518995534204
v -0.003615779795890006 -0.00811772984003134 0.00046782999185107643
v 0.004384210011715961 -0.008593709872803612 0.06209161619637271
v -0.003615779795890006 -0.008593709872803612 0.06209161619637271
v 0.004384210011715961 -0.008520299601846193 0.06255509713541496
v -0.003615779795890006 -0.008520299601846193 0.06255509713541496
v 0.004384210011715961 -0.008520299601846193 0.06255509713541496
v -0.003615779795890006 -0.008593709872803612 0.06209161619637271
v 0.004384210011715961 -0.008467789699112105 0.00087518995534204
v -0.003615779795890006 -0.008467789699112105 0.00087518995534204
v 0.004384210011715961 -0.008593709872803612 0.0013973200008872144
v -0.003615779795890006 -0.008593709872803612 0.0013973200008872144
v 0.004384210011715961 -0.008593709872803612 0.0013973200008872144
v -0.003615779795890006 -0.008467789699112105 0.00087518995534204
v 0.004384210011715961 -0.008593709872803612 0.062018297716566195
v -0.003615779795890006 -0.008593709872803612 0.06209161619637271
v 0.004384210011715961 -0.008593709872803612 0.06209161619637271
v -0.003615779795890006 -0.008593709872803612 0.0013973200008872144
v -0.003615779795890006 -0.008593709872803612 0.06209161619637271
v 0.004384210011715961 -0.008593709872803612 0.062018297716566195
v 0.004384210011715961 -0.008593709872803612 0.062018297716566195
v 0.004384210011715961 -0.008593709872803612 0.0013973200008872144
v -0.003615779795890006 -0.008593709872803612 0.0013973200008872144
v -0.003292480037529466 0.009728689572318872 0.06472869728366959
v -0.002969189815911877 0.00979498960535996 0.06479499672066424
v -0.002969189815911877 0.009999999776482582 0.06430005883499845
v -0.003292480037529466 0.009728689572318872 0.06472869728366959
v -0.002969189815911877 0.009999999776482582 0.06430005883499845
v -0.003292480037529466 0.009913369791655913 0.0642828402456006
v -0.003292480037529466 0.009913369791655913 0.0642828402456006
v -0.003529149811063337 0.009547549868802352 0.0645475563880602
v -0.003292480037529466 0.009728689572318872 0.06472869728366959
v -0.003529149811063337 0.009547549868802352 0.0645475563880602
v -0.003292480037529466 0.009913369791655913 0.0642828402456006
v -0.003529149811063337 0.009676700018122042 0.06423575734565201
v -0.003529149811063337 0.009676700018122042 0.06423575734565201
v -0.003615779795890006 0.009300109536198309 0.06430011605545616
v -0.003529149811063337 0.009547549868802352 0.0645475563880602
v -0.003615779795890006 0.009300109536198309 0.06430011605545616
v -0.003529149811063337 0.009676700018122042 0.06423575734565201
v -0.003615779795890006 0.009353409796504453 0.06417144631956262
v -0.003529149811063337 0.009676700018122042 0.06423575734565201
v -0.003529149811063337 0.009676700018122042 -0.06423575734565201
v -0.003615779795890006 0.009353409796504453 0.06417144631956262
v -0.003615779795890006 0.009353409796504453 0.06417144631956262
v -0.003529149811063337 0.009676700018122042 -0.06423575734565201
v -0.003615779795890006 0.009353409796504453 -0.06417144631956262
v -0.003292480037529466 0.009913369791655913 0.0642828402456006
v -0.003292480037529466 0.009913369791655913 -0.0642828402456006
v -0.003529149811063337 0.009676700018122042 0.06423575734565201
v -0.003529149811063337 0.009676700018122042 0.06423575734565201
v -0.003292480037529466 0.009913369791655913 -0.0642828402456006
v -0.003529149811063337 0.009676700018122042 -0.06423575734565201
v -0.002969189815911877 0.009999999776482582 0.06430005883499845
v -0.003292480037529466 0.009913369791655913 -0.0642828402456006
v -0.003292480037529466 0.009913369791655913 0.0642828402456006
v -0.003292480037529466 0.009913369791655913 -0.0642828402456006
v -0.002969189815911877 0.009999999776482582 0.06430005883499845
v -0.002969189815911877 0.009999999776482582 -0.0643000683717414
v -0.003529149811063337 0.009676700018122042 -0.06423575734565201
v -0.003615779795890006 0.009300109536198309 -0.06430011605545616
v -0.003615779795890006 0.009353409796504453 -0.06417144631956262
v -0.003615779795890006 0.009300109536198309 -0.06430011605545616
v -0.003529149811063337 0.009676700018122042 -0.06423575734565201
v -0.003529149811063337 0.009547549868802352 -0.0645475563880602
v -0.003292480037529466 0.009913369791655913 -0.0642828402456006
v -0.003529149811063337 0.009547549868802352 -0.0645475563880602
v -0.003529149811063337 0.009676700018122042 -0.06423575734565201
v -0.003529149811063337 0.009547549868802352 -0.0645475563880602
v -0.003292480037529466 0.009913369791655913 -0.0642828402456006
v -0.003292480037529466 0.009728689572318872 -0.06472869728366959
v -0.002969189815911877 0.009999999776482582 -0.0643000683717414
v -0.003292480037529466 0.009728689572318872 -0.06472869728366959
v -0.003292480037529466 0.009913369791655913 -0.0642828402456006
v -0.003292480037529466 0.009728689572318872 -0.06472869728366959
v -0.002969189815911877 0.009999999776482582 -0.0643000683717414
v -0.002969189815911877 0.00979498960535996 -0.06479499672066424
v -0.003615779795890006 -0.009353409796504453 0.06417144631956262
v -0.003615779795890006 -0.009353409796504453 -0.06417144631956262
v -0.003529149811063337 -0.009676700018122042 0.06423575734565201
v -0.003529149811063337 -0.009676700018122042 0.06423575734565201
v -0.003615779795890006 -0.009353409796504453 -0.06417144631956262
v -0.003529149811063337 -0.009676700018122042 -0.06423575734565201
v -0.003529149811063337 -0.009676700018122042 0.06423575734565201
v -0.003529149811063337 -0.009676700018122042 -0.06423575734565201
v -0.003292480037529466 -0.009913369791655913 0.0642828402456006
v -0.003292480037529466 -0.009913369791655913 0.0642828402456006
v -0.003529149811063337 -0.009676700018122042 -0.06423575734565201
v -0.003292480037529466 -0.009913369791655913 -0.0642828402456006
v -0.003292480037529466 -0.009913369791655913 0.0642828402456006
v -0.003292480037529466 -0.009913369791655913 -0.0642828402456006
v -0.002969189815911877 -0.009999999776482582 0.06430005883499845
v -0.002969189815911877 -0.009999999776482582 0.06430005883499845
v -0.003292480037529466 -0.009913369791655913 -0.0642828402456006
v -0.002969189815911877 -0.009999999776482582 -0.0643000683717414
v -0.003292480037529466 -0.009913369791655913 -0.0642828402456006
v -0.003292480037529466 -0.009728689572318872 -0.06472869728366959
v -0.002969189815911877 -0.009999999776482582 -0.0643000683717414
v -0.002969189815911877 -0.009999999776482582 -0.0643000683717414
v -0.003292480037529466 -0.009728689572318872 -0.06472869728366959
v -0.002969189815911877 -0.00979498960535996 -0.06479499672066424
v -0.003529149811063337 -0.009676700018122042 -0.06423575734565201
v -0.003529149811063337 -0.009547549868802352 -0.0645475563880602
v -0.003292480037529466 -0.009913369791655913 -0.0642828402456006
v -0.003292480037529466 -0.009728689572318872 -0.06472869728366959
v -0.003292480037529466 -0.009913369791655913 -0.0642828402456006
v -0.003529149811063337 -0.009547549868802352 -0.0645475563880602
v -0.003529149811063337 -0.009547549868802352 -0.0645475563880602
v -0.003529149811063337 -0.009676700018122042 -0.06423575734565201
v -0.003615779795890006 -0.009300109536198309 -0.06430011605545616
v -0.003529149811063337 -0.009676700018122042 -0.06423575734565201
v -0.003615779795890006 -0.009353409796504453 -0.06417144631956262
v -0.003615779795890006 -0.009300109536198309 -0.06430011605545616
v -0.003529149811063337 -0.009676700018122042 0.06423575734565201
v -0.003615779795890006 -0.009300109536198309 0.06430011605545616
v -0.003615779795890006 -0.009353409796504453 0.06417144631956262
v -0.003615779795890006 -0.009300109536198309 0.06430011605545616
v -0.003529149811063337 -0.009676700018122042 0.06423575734565201
v -0.003529149811063337 -0.009547549868802352 0.0645475563880602
v -0.003292480037529466 -0.009913369791655913 0.0642828402456006
v -0.003529149811063337 -0.009547549868802352 0.0645475563880602
v -0.003529149811063337 -0.009676700018122042 0.06423575734565201
v -0.003529149811063337 -0.009547549868802352 0.0645475563880602
v -0.003292480037529466 -0.009913369791655913 0.0642828402456006
v -0.003292480037529466 -0.009728689572318872 0.06472869728366959
v -0.003292480037529466 -0.009728689572318872 0.06472869728366959
v -0.002969189815911877 -0.009999999776482582 0.06430005883499845
v -0.002969189815911877 -0.00979498960535996 0.06479499672066424
v -0.002969189815911877 -0.009999999776482582 0.06430005883499845
v -0.003292480037529466 -0.009728689572318872 0.06472869728366959
v -0.003292480037529466 -0.009913369791655913 0.0642828402456006
v -0.003529149811063337 -0.009547549868802352 0.0645475563880602
v -0.003529149811063337 -0.009235759767090679 0.06467669819272981
v -0.003615779795890006 -0.009300109536198309 0.06430011605545616
v -0.003615779795890006 -0.009300109536198309 0.06430011605545616
v -0.003529149811063337 -0.009235759767090679 0.06467669819272981
v -0.003615779795890006 -0.009171449933094156 0.06435340737506579
v -0.003292480037529466 -0.009728689572318872 0.06472869728366959
v -0.003292480037529466 -0.009282839686807098 0.06491336677417081
v -0.003529149811063337 -0.009547549868802352 0.0645475563880602
v -0.003529149811063337 -0.009547549868802352 0.0645475563880602
v -0.003292480037529466 -0.009282839686807098 0.06491336677417081
v -0.003529149811063337 -0.009235759767090679 0.06467669819272981
v -0.002969189815911877 -0.009300069601087202 0.06499999854713678
v -0.003292480037529466 -0.009282839686807098 0.06491336677417081
v -0.003292480037529466 -0.009728689572318872 0.06472869728366959
v -0.002969189815911877 -0.009300069601087202 0.06499999854713678
v -0.003292480037529466 -0.009728689572318872 0.06472869728366959
v -0.002969189815911877 -0.00979498960535996 0.06479499672066424
v -0.003529149811063337 0.009235759767090679 0.06467669819272981
v -0.003615779795890006 -0.009171449933094156 0.06435340737506579
v -0.003529149811063337 -0.009235759767090679 0.06467669819272981
v -0.003615779795890006 -0.009171449933094156 0.06435340737506579
v -0.003529149811063337 0.009235759767090679 0.06467669819272981
v -0.003615779795890006 0.009171449933094156 0.06435340737506579
v -0.003529149811063337 0.009235759767090679 0.06467669819272981
v -0.003529149811063337 -0.009235759767090679 0.06467669819272981
v -0.003292480037529466 0.009282839686807098 0.06491336677417081
v -0.003292480037529466 0.009282839686807098 0.06491336677417081
v -0.003529149811063337 -0.009235759767090679 0.06467669819272981
v -0.003292480037529466 -0.009282839686807098 0.06491336677417081
v -0.003292480037529466 0.009282839686807098 0.06491336677417081
v -0.003292480037529466 -0.009282839686807098 0.06491336677417081
v -0.002969189815911877 0.009300069601087202 0.06499999854713678
v -0.002969189815911877 0.009300069601087202 0.06499999854713678
v -0.003292480037529466 -0.009282839686807098 0.06491336677417081
v -0.002969189815911877 -0.009300069601087202 0.06499999854713678
v -0.003292480037529466 -0.009728689572318872 -0.06472869728366959
v -0.002969189815911877 -0.009300069601087202 -0.06499999854713678
v -0.002969189815911877 -0.00979498960535996 -0.06479499672066424
v -0.002969189815911877 -0.009300069601087202 -0.06499999854713678
v -0.003292480037529466 -0.009728689572318872 -0.06472869728366959
v -0.003292480037529466 -0.009282839686807098 -0.06491336677417081
v -0.003292480037529466 -0.009282839686807098 -0.06491336677417081
v -0.003529149811063337 -0.009547549868802352 -0.0645475563880602
v -0.003529149811063337 -0.009235759767090679 -0.06467669819272981
v -0.003529149811063337 -0.009547549868802352 -0.0645475563880602
v -0.003292480037529466 -0.009282839686807098 -0.06491336677417081
v -0.003292480037529466 -0.009728689572318872 -0.06472869728366959
v -0.003529149811063337 -0.009235759767090679 -0.06467669819272981
v -0.003615779795890006 -0.009300109536198309 -0.06430011605545616
v -0.003615779795890006 -0.009171449933094156 -0.06435340737506579
v -0.003615779795890006 -0.009300109536198309 -0.06430011605545616
v -0.003529149811063337 -0.009235759767090679 -0.06467669819272981
v -0.003529149811063337 -0.009547549868802352 -0.0645475563880602
v -0.003615779795890006 0.009300109536198309 0.06430011605545616
v -0.003529149811063337 0.009235759767090679 0.06467669819272981
v -0.003529149811063337 0.009547549868802352 0.0645475563880602
v -0.003529149811063337 0.009235759767090679 0.06467669819272981
v -0.003615779795890006 0.009300109536198309 0.06430011605545616
v -0.003615779795890006 0.009171449933094156 0.06435340737506579
v -0.003529149811063337 0.009547549868802352 0.0645475563880602
v -0.003292480037529466 0.009282839686807098 0.06491336677417081
v -0.003292480037529466 0.009728689572318872 0.06472869728366959
v -0.003292480037529466 0.009282839686807098 0.06491336677417081
v -0.003529149811063337 0.009547549868802352 0.0645475563880602
v -0.003529149811063337 0.009235759767090679 0.06467669819272981
v -0.003292480037529466 0.009728689572318872 0.06472869728366959
v -0.002969189815911877 0.009300069601087202 0.06499999854713678
v -0.002969189815911877 0.00979498960535996 0.06479499672066424
v -0.002969189815911877 0.009300069601087202 0.06499999854713678
v -0.003292480037529466 0.009728689572318872 0.06472869728366959
v -0.003292480037529466 0.009282839686807098 0.06491336677417081
v -0.003529149811063337 0.009235759767090679 -0.06467669819272981
v -0.003615779795890006 0.009171449933094156 -0.06435340737506579
v -0.003615779795890006 0.009300109536198309 -0.06430011605545616
v -0.003615779795890006 0.009300109536198309 -0.06430011605545616
v -0.003529149811063337 0.009547549868802352 -0.0645475563880602
v -0.003529149811063337 0.009235759767090679 -0.06467669819272981
v -0.003529149811063337 0.009235759767090679 -0.06467669819272981
v -0.003529149811063337 0.009547549868802352 -0.0645475563880602
v -0.003292480037529466 0.009282839686807098 -0.06491336677417081
v -0.003529149811063337 0.009547549868802352 -0.0645475563880602
v -0.003292480037529466 0.009728689572318872 -0.06472869728366959
v -0.003292480037529466 0.009282839686807098 -0.06491336677417081
v -0.002969189815911877 0.009300069601087202 -0.06499999854713678
v -0.003292480037529466 0.009282839686807098 -0.06491336677417081
v -0.003292480037529466 0.009728689572318872 -0.06472869728366959
v -0.002969189815911877 0.009300069601087202 -0.06499999854713678
v -0.003292480037529466 0.009728689572318872 -0.06472869728366959
v -0.002969189815911877 0.00979498960535996 -0.06479499672066424
v -0.003529149811063337 0.009235759767090679 -0.06467669819272981
v -0.003529149811063337 -0.009235759767090679 -0.06467669819272981
v -0.003615779795890006 0.009171449933094156 -0.06435340737506579
v -0.003615779795890006 -0.009171449933094156 -0.06435340737506579
v -0.003615779795890006 0.009171449933094156 -0.06435340737506579
v -0.003529149811063337 -0.009235759767090679 -0.06467669819272981
v -0.003529149811063337 -0.009235759767090679 -0.06467669819272981
v -0.003529149811063337 0.009235759767090679 -0.06467669819272981
v -0.003292480037529466 -0.009282839686807098 -0.06491336677417081
v -0.003292480037529466 -0.009282839686807098 -0.06491336677417081
v -0.003529149811063337 0.009235759767090679 -0.06467669819272981
v -0.003292480037529466 0.009282839686807098 -0.06491336677417081
v -0.003292480037529466 -0.009282839686807098 -0.06491336677417081
v -0.003292480037529466 0.009282839686807098 -0.06491336677417081
v -0.002969189815911877 -0.009300069601087202 -0.06499999854713678
v -0.002969189815911877 -0.009300069601087202 -0.06499999854713678
v -0.003292480037529466 0.009282839686807098 -0.06491336677417081
v -0.002969189815911877 0.009300069601087202 -0.06499999854713678
v 0.004384210011715961 0.009999999776482582 0.06430005883499845
v 0.004384210011715961 0.009999999776482582 -0.0643000683717414
v -0.002969189815911877 0.009999999776482582 0.06430005883499845
v -0.002969189815911877 0.009999999776482582 0.06430005883499845
v 0.004384210011715961 0.009999999776482582 -0.0643000683717414
v -0.002969189815911877 0.009999999776482582 -0.0643000683717414
v -0.003615779795890006 -0.008593709872803612 0.0013973200008872144
v -0.003615779795890006 -0.009353409796504453 0.06417144631956262
v -0.003615779795890006 -0.008593709872803612 0.06209161619637271
v -0.003615779795890006 -0.006629959792719187 0.0005955899746211621
v -0.003615779795890006 -0.009353409796504453 -0.06417144631956262
v -0.003615779795890006 -0.0070853297318816955 0.0003107599844613673
v -0.003615779795890006 -0.009353409796504453 -0.06417144631956262
v -0.003615779795890006 -0.009353409796504453 0.06417144631956262
v -0.003615779795890006 -0.008593709872803612 0.0013973200008872144
v -0.003615779795890006 -0.009171449933094156 0.06435340737506579
v -0.003615779795890006 -0.007093859752404841 0.0635914788337466
v -0.003615779795890006 -0.007557340095400655 0.06351806975488206
v -0.003615779795890006 -0.009171449933094156 0.06435340737506579
v -0.003615779795890006 -0.007975449979853999 0.06330502845410191
v -0.003615779795890006 -0.009353409796504453 0.06417144631956262
v -0.003615779795890006 -0.009171449933094156 0.06435340737506579
v -0.003615779795890006 -0.009353409796504453 0.06417144631956262
v -0.003615779795890006 -0.009300109536198309 0.06430011605545616
v -0.003615779795890006 -0.007975449979853999 0.06330502845410191
v -0.003615779795890006 -0.009171449933094156 0.06435340737506579
v -0.003615779795890006 -0.007557340095400655 0.06351806975488206
v -0.003615779795890006 -0.009353409796504453 0.06417144631956262
v -0.003615779795890006 -0.007975449979853999 0.06330502845410191
v -0.003615779795890006 -0.0083072696259483 0.0629732070198683
v -0.003615779795890006 -0.009353409796504453 0.06417144631956262
v -0.003615779795890006 -0.0083072696259483 0.0629732070198683
v -0.003615779795890006 -0.008520299601846193 0.06255509713541496
v -0.003615779795890006 -0.009353409796504453 0.06417144631956262
v -0.003615779795890006 -0.008520299601846193 0.06255509713541496
v -0.003615779795890006 -0.008593709872803612 0.06209161619637271
v -0.003615779795890006 -0.009353409796504453 -0.06417144631956262
v -0.003615779795890006 -0.008593709872803612 0.0013973200008872144
v -0.003615779795890006 -0.008467789699112105 0.00087518995534204
v -0.003615779795890006 -0.009353409796504453 -0.06417144631956262
v -0.003615779795890006 -0.008467789699112105 0.00087518995534204
v -0.003615779795890006 -0.00811772984003134 0.00046782999185107643
v -0.003615779795890006 -0.009353409796504453 -0.06417144631956262
v -0.003615779795890006 -0.00811772984003134 0.00046782999185107643
v -0.003615779795890006 -0.007620469757457005 0.0002648199849243464
v -0.003615779795890006 -0.009353409796504453 -0.06417144631956262
v -0.003615779795890006 -0.007620469757457005 0.0002648199849243464
v -0.003615779795890006 -0.0070853297318816955 0.0003107599844613673
v -0.003615779795890006 -0.003395439906520248 0.0038965799533595136
v -0.003615779795890006 -0.009353409796504453 -0.06417144631956262
v -0.003615779795890006 -0.006629959792719187 0.0005955899746211621
v -0.003615779795890006 -0.003116230000937803 0.004229620004528312
v -0.003615779795890006 -0.009353409796504453 -0.06417144631956262
v -0.003615779795890006 -0.003395439906520248 0.0038965799533595136
v -0.003615779795890006 0.009353409796504453 -0.06417144631956262
v -0.003615779795890006 -0.002727529941628948 0.00500414002677485
v -0.003615779795890006 -0.0026273598679745214 0.0054270397403752835
v -0.003615779795890006 0.009353409796504453 0.06417144631956262
v -0.003615779795890006 0.009171449933094156 0.06435340737506579
v -0.003615779795890006 0.009300109536198309 0.06430011605545616
v -0.003615779795890006 0.009353409796504453 -0.06417144631956262
v -0.003615779795890006 -0.009353409796504453 -0.06417144631956262
v -0.003615779795890006 -0.003116230000937803 0.004229620004528312
v -0.003615779795890006 0.009353409796504453 -0.06417144631956262
v -0.003615779795890006 -0.0026273598679745214 0.0054270397403752835
v -0.003615779795890006 -0.0025937100665187063 0.0058603500009994924
v -0.003615779795890006 -0.009353409796504453 -0.06417144631956262
v -0.003615779795890006 -0.009171449933094156 -0.06435340737506579
v -0.003615779795890006 -0.009300109536198309 -0.06430011605545616
v -0.003615779795890006 -0.009353409796504453 -0.06417144631956262
v -0.003615779795890006 0.009353409796504453 -0.06417144631956262
v -0.003615779795890006 0.009171449933094156 -0.06435340737506579
v -0.003615779795890006 0.009353409796504453 -0.06417144631956262
v -0.003615779795890006 -0.0028918000409349776 0.0046017797752817
v -0.003615779795890006 -0.002727529941628948 0.00500414002677485
v -0.003615779795890006 0.009353409796504453 -0.06417144631956262
v -0.003615779795890006 -0.003116230000937803 0.004229620004528312
v -0.003615779795890006 -0.0028918000409349776 0.0046017797752817
v -0.003615779795890006 -0.0032119699594683193 0.06330502845410191
v -0.003615779795890006 0.009171449933094156 0.06435340737506579
v -0.003615779795890006 -0.002880150015350802 0.0629732070198683
v -0.003615779795890006 -0.0025937100665187063 0.06209161619637271
v -0.003615779795890006 0.009353409796504453 0.06417144631956262
v -0.003615779795890006 -0.0025937100665187063 0.0058603500009994924
v -0.003615779795890006 0.009171449933094156 0.06435340737506579
v -0.003615779795890006 -0.0025937100665187063 0.06209161619637271
v -0.003615779795890006 -0.002667120039452908 0.06255509713541496
v -0.003615779795890006 0.009171449933094156 0.06435340737506579
v -0.003615779795890006 -0.002667120039452908 0.06255509713541496
v -0.003615779795890006 -0.002880150015350802 0.0629732070198683
v -0.003615779795890006 -0.003630079843921663 0.06351806975488206
v -0.003615779795890006 0.009171449933094156 0.06435340737506579
v -0.003615779795890006 -0.0032119699594683193 0.06330502845410191
v -0.003615779795890006 -0.00409355988889426 0.0635914788337466
v -0.003615779795890006 0.009171449933094156 0.06435340737506579
v -0.003615779795890006 -0.003630079843921663 0.06351806975488206
v -0.003615779795890006 -0.009171449933094156 0.06435340737506579
v -0.003615779795890006 0.009171449933094156 0.06435340737506579
v -0.003615779795890006 -0.00409355988889426 0.0635914788337466
v -0.003615779795890006 -0.009171449933094156 0.06435340737506579
v -0.003615779795890006 -0.00409355988889426 0.0635914788337466
v -0.003615779795890006 -0.007093859752404841 0.0635914788337466
v -0.003615779795890006 0.009171449933094156 0.06435340737506579
v -0.003615779795890006 0.009353409796504453 0.06417144631956262
v -0.003615779795890006 -0.0025937100665187063 0.06209161619637271
v -0.003615779795890006 0.009353409796504453 0.06417144631956262
v -0.003615779795890006 0.009353409796504453 -0.06417144631956262
v -0.003615779795890006 -0.0025937100665187063 0.0058603500009994924
v -0.003615779795890006 0.009171449933094156 -0.06435340737506579
v -0.003615779795890006 0.009353409796504453 -0.06417144631956262
v -0.003615779795890006 0.009300109536198309 -0.06430011605545616
v -0.003615779795890006 -0.009171449933094156 -0.06435340737506579
v -0.003615779795890006 -0.009353409796504453 -0.06417144631956262
v -0.003615779795890006 0.009171449933094156 -0.06435340737506579
v 0.004384210011715961 0.009999999776482582 0.06430005883499845
v -0.002969189815911877 0.009999999776482582 0.06430005883499845
v 0.004384210011715961 0.00979498960535996 0.06479499672066424
v -0.002969189815911877 0.00979498960535996 0.06479499672066424
v 0.004384210011715961 0.00979498960535996 0.06479499672066424
v -0.002969189815911877 0.009999999776482582 0.06430005883499845
v 0.004384210011715961 0.00979498960535996 -0.06479499672066424
v -0.002969189815911877 0.00979498960535996 -0.06479499672066424
v 0.004384210011715961 0.009999999776482582 -0.0643000683717414
v -0.002969189815911877 0.009999999776482582 -0.0643000683717414
v 0.004384210011715961 0.009999999776482582 -0.0643000683717414
v -0.002969189815911877 0.00979498960535996 -0.06479499672066424
v -0.002969189815911877 -0.00979498960535996 -0.06479499672066424
v 0.004384210011715961 -0.009300069601087202 -0.06499999854713678
v 0.004384210011715961 -0.00979498960535996 -0.06479499672066424
v 0.004384210011715961 -0.009300069601087202 -0.06499999854713678
v -0.002969189815911877 -0.00979498960535996 -0.06479499672066424
v -0.002969189815911877 -0.009300069601087202 -0.06499999854713678
v -0.002969189815911877 -0.009999999776482582 -0.0643000683717414
v 0.004384210011715961 -0.00979498960535996 -0.06479499672066424
v 0.004384210011715961 -0.009999999776482582 -0.0643000683717414
v 0.004384210011715961 -0.00979498960535996 -0.06479499672066424
v -0.002969189815911877 -0.009999999776482582 -0.0643000683717414
v -0.002969189815911877 -0.00979498960535996 -0.06479499672066424
v -0.002969189815911877 -0.009999999776482582 0.06430005883499845
v -0.002969189815911877 -0.009999999776482582 -0.0643000683717414
v 0.004384210011715961 -0.009999999776482582 0.06430005883499845
v 0.004384210011715961 -0.009999999776482582 0.06430005883499845
v -0.002969189815911877 -0.009999999776482582 -0.0643000683717414
v 0.004384210011715961 -0.009999999776482582 -0.0643000683717414
v -0.002969189815911877 -0.00979498960535996 0.06479499672066424
v 0.004384210011715961 -0.009999999776482582 0.06430005883499845
v 0.004384210011715961 -0.00979498960535996 0.06479499672066424
v 0.004384210011715961 -0.009999999776482582 0.06430005883499845
v -0.002969189815911877 -0.00979498960535996 0.06479499672066424
v -0.002969189815911877 -0.009999999776482582 0.06430005883499845
v -0.002969189815911877 -0.009300069601087202 0.06499999854713678
v 0.004384210011715961 -0.00979498960535996 0.06479499672066424
v 0.004384210011715961 -0.009300069601087202 0.06499999854713678
v 0.004384210011715961 -0.00979498960535996 0.06479499672066424
v -0.002969189815911877 -0.009300069601087202 0.06499999854713678
v -0.002969189815911877 -0.00979498960535996 0.06479499672066424
v -0.002969189815911877 0.009300069601087202 0.06499999854713678
v -0.002969189815911877 -0.009300069601087202 0.06499999854713678
v 0.004384210011715961 0.009300069601087202 0.06499999854713678
v 0.004384210011715961 0.009300069601087202 0.06499999854713678
v -0.002969189815911877 -0.009300069601087202 0.06499999854713678
v 0.004384210011715961 -0.009300069601087202 0.06499999854713678
v -0.002969189815911877 0.00979498960535996 0.06479499672066424
v 0.004384210011715961 0.009300069601087202 0.06499999854713678
v 0.004384210011715961 0.00979498960535996 0.06479499672066424
v 0.004384210011715961 0.009300069601087202 0.06499999854713678
v -0.002969189815911877 0.00979498960535996 0.06479499672066424
v -0.002969189815911877 0.009300069601087202 0.06499999854713678
v -0.002969189815911877 0.009300069601087202 -0.06499999854713678
v 0.004384210011715961 0.00979498960535996 -0.06479499672066424
v 0.004384210011715961 0.009300069601087202 -0.06499999854713678
v 0.004384210011715961 0.00979498960535996 -0.06479499672066424
v -0.002969189815911877 0.009300069601087202 -0.06499999854713678
v -0.002969189815911877 0.00979498960535996 -0.06479499672066424
v -0.002969189815911877 -0.009300069601087202 -0.06499999854713678
v -0.002969189815911877 0.009300069601087202 -0.06499999854713678
v 0.004384210011715961 -0.009300069601087202 -0.06499999854713678
v 0.004384210011715961 -0.009300069601087202 -0.06499999854713678
v -0.002969189815911877 0.009300069601087202 -0.06499999854713678
v 0.004384210011715961 0.009300069601087202 -0.06499999854713678
vt 0.5641189813613892 0.4869459867477417
vt 0.5600680112838745 0.2922239899635315
vt 0.5641189813613892 0.2922239899635315
vt 0.5600680112838745 0.2922239899635315
vt 0.5641189813613892 0.4869459867477417
vt 0.5600680112838745 0.4869459867477417
vt 0.568452000617981 0.2922239899635315
vt 0.568452000617981 0.4869459867477417
vt 0.5654860138893127 0.2922239899635315
vt 0.5654860138893127 0.2922239899635315
vt 0.568452000617981 0.4869459867477417
vt 0.5654860138893127 0.4869459867477417
vt 0.5725039839744568 0.2922239899635315
vt 0.5725039839744568 0.4869459867477417
vt 0.568452000617981 0.2922239899635315
vt 0.568452000617981 0.4869459867477417
vt 0.568452000617981 0.2922239899635315
vt 0.5725039839744568 0.4869459867477417
vt 0.6305999755859375 0.3324980139732361
vt 0.6387050151824951 0.32844603061676025
vt 0.6387050151824951 0.3324980139732361
vt 0.6387050151824951 0.32844603061676025
vt 0.6305999755859375 0.3324980139732361
vt 0.6305999755859375 0.32844603061676025
vt 0.6387050151824951 0.3354640007019043
vt 0.6305999755859375 0.3354640007019043
vt 0.6387050151824951 0.3324980139732361
vt 0.6305999755859375 0.3324980139732361
vt 0.6387050151824951 0.3324980139732361
vt 0.6305999755859375 0.3354640007019043
vt 0.5600680112838745 0.2922239899635315
vt 0.5519629716873169 0.2922239899635315
vt 0.5600680112838745 0.28817296028137207
vt 0.5519629716873169 0.28817296028137207
vt 0.5600680112838745 0.28817296028137207
vt 0.5519629716873169 0.2922239899635315
vt 0.5725039839744568 0.28817296028137207
vt 0.6087260246276855 0.28817296028137207
vt 0.5725039839744568 0.2922239899635315
vt 0.5725039839744568 0.2922239899635315
vt 0.6087260246276855 0.28817296028137207
vt 0.6087260246276855 0.2922239899635315
vt 0.6087260246276855 0.28520703315734863
vt 0.5725039839744568 0.28817296028137207
vt 0.5725039839744568 0.28520703315734863
vt 0.5725039839744568 0.28817296028137207
vt 0.6087260246276855 0.28520703315734863
vt 0.6087260246276855 0.28817296028137207
vt 0.6387050151824951 0.32844603061676025
vt 0.6387050151824951 0.2922239899635315
vt 0.6427559852600098 0.32844603061676025
vt 0.6427559852600098 0.32844603061676025
vt 0.6387050151824951 0.2922239899635315
vt 0.6427559852600098 0.2922239899635315
vt 0.6127769947052002 0.2922239899635315
vt 0.6127769947052002 0.4869459867477417
vt 0.6087260246276855 0.2922239899635315
vt 0.6087260246276855 0.4869459867477417
vt 0.6087260246276855 0.2922239899635315
vt 0.6127769947052002 0.4869459867477417
vt 0.6127769947052002 0.4869459867477417
vt 0.6127769947052002 0.2922239899635315
vt 0.6157429814338684 0.4869459867477417
vt 0.6157429814338684 0.4869459867477417
vt 0.6127769947052002 0.2922239899635315
vt 0.6157429814338684 0.2922239899635315
vt 0.6292709708213806 0.2922239899635315
vt 0.6292709708213806 0.4869459867477417
vt 0.625220000743866 0.2922239899635315
vt 0.625220000743866 0.2922239899635315
vt 0.6292709708213806 0.4869459867477417
vt 0.625220000743866 0.4869459867477417
vt 0.625220000743866 0.4909980297088623
vt 0.6171150207519531 0.4909980297088623
vt 0.625220000743866 0.4869459867477417
vt 0.6171150207519531 0.4869459867477417
vt 0.625220000743866 0.4869459867477417
vt 0.6171150207519531 0.4909980297088623
vt 0.6387050151824951 0.28817296028137207
vt 0.6305999755859375 0.28817296028137207
vt 0.6387050151824951 0.28520703315734863
vt 0.6305999755859375 0.28520703315734863
vt 0.6387050151824951 0.28520703315734863
vt 0.6305999755859375 0.28817296028137207
vt 0.6305999755859375 0.2922239899635315
vt 0.6387050151824951 0.28817296028137207
vt 0.6387050151824951 0.2922239899635315
vt 0.6387050151824951 0.28817296028137207
vt 0.6305999755859375 0.2922239899635315
vt 0.6305999755859375 0.28817296028137207
vt 0.5600680112838745 0.4909980297088623
vt 0.5519629716873169 0.4909980297088623
vt 0.5600680112838745 0.4869459867477417
vt 0.5519629716873169 0.4869459867477417
vt 0.5600680112838745 0.4869459867477417
vt 0.5519629716873169 0.4909980297088623
vt 0.6481360197067261 0.3324980139732361
vt 0.6562409996986389 0.3324980139732361
vt 0.6481360197067261 0.3354640007019043
vt 0.6562409996986389 0.3354640007019043
vt 0.6481360197067261 0.3354640007019043
vt 0.6562409996986389 0.3324980139732361
vt 0.6481360197067261 0.32844603061676025
vt 0.6562409996986389 0.32844603061676025
vt 0.6481360197067261 0.3324980139732361
vt 0.6562409996986389 0.3324980139732361
vt 0.6481360197067261 0.3324980139732361
vt 0.6562409996986389 0.32844603061676025
vt 0.6440849900245667 0.32844603061676025
vt 0.6440849900245667 0.2922239899635315
vt 0.6481360197067261 0.32844603061676025
vt 0.6481360197067261 0.32844603061676025
vt 0.6440849900245667 0.2922239899635315
vt 0.6481360197067261 0.2922239899635315
vt 0.6087260246276855 0.4909980297088623
vt 0.5725039839744568 0.49396395683288574
vt 0.5725039839744568 0.4909980297088623
vt 0.5725039839744568 0.49396395683288574
vt 0.6087260246276855 0.4909980297088623
vt 0.6087260246276855 0.49396395683288574
vt 0.5725039839744568 0.4869459867477417
vt 0.6087260246276855 0.4869459867477417
vt 0.5725039839744568 0.4909980297088623
vt 0.5725039839744568 0.4909980297088623
vt 0.6087260246276855 0.4869459867477417
vt 0.6087260246276855 0.4909980297088623
vt 0.6481360197067261 0.28817296028137207
vt 0.6562409996986389 0.28817296028137207
vt 0.6481360197067261 0.2922239899635315
vt 0.6562409996986389 0.2922239899635315
vt 0.6481360197067261 0.2922239899635315
vt 0.6562409996986389 0.28817296028137207
vt 0.6481360197067261 0.28520703315734863
vt 0.6562409996986389 0.28520703315734863
vt 0.6481360197067261 0.28817296028137207
vt 0.6562409996986389 0.28817296028137207
vt 0.6481360197067261 0.28817296028137207
vt 0.6562409996986389 0.28520703315734863
vt 0.625220000743866 0.2922239899635315
vt 0.6171150207519531 0.2922239899635315
vt 0.625220000743866 0.28817296028137207
vt 0.6171150207519531 0.28817296028137207
vt 0.625220000743866 0.28817296028137207
vt 0.6171150207519531 0.2922239899635315
vt 0.6305999755859375 0.32844603061676025
vt 0.6305999755859375 0.2922239899635315
vt 0.6387050151824951 0.32844603061676025
vt 0.6387050151824951 0.32844603061676025
vt 0.6305999755859375 0.2922239899635315
vt 0.6387050151824951 0.2922239899635315
vt 0.6087260246276855 0.2922239899635315
vt 0.6087260246276855 0.4869459867477417
vt 0.5725039839744568 0.2922239899635315
vt 0.5725039839744568 0.4869459867477417
vt 0.5725039839744568 0.2922239899635315
vt 0.6087260246276855 0.4869459867477417
vt 0.6562409996986389 0.2922239899635315
vt 0.6562409996986389 0.32844603061676025
vt 0.6481360197067261 0.32844603061676025
vt 0.6481360197067261 0.32844603061676025
vt 0.6481360197067261 0.2922239899635315
vt 0.6562409996986389 0.2922239899635315
vt 0.625220000743866 0.2922239899635315
vt 0.625220000743866 0.4869459867477417
vt 0.6171150207519531 0.2922239899635315
vt 0.6171150207519531 0.2922239899635315
vt 0.625220000743866 0.4869459867477417
vt 0.6171150207519531 0.4869459867477417
vt 0.5600680112838745 0.2922239899635315
vt 0.5600680112838745 0.4869459867477417
vt 0.5519629716873169 0.2922239899635315
vt 0.5519629716873169 0.2922239899635315
vt 0.5600680112838745 0.4869459867477417
vt 0.5519629716873169 0.4869459867477417
vt 0.5690029859542847 0.2887229919433594
vt 0.5725039839744568 0.2922239899635315
vt 0.568452000617981 0.2922239899635315
vt 0.5725039839744568 0.2922239899635315
vt 0.5690029859542847 0.2887229919433594
vt 0.5725039839744568 0.28817296028137207
vt 0.5660960078239441 0.2887229919433594
vt 0.5690029859542847 0.2887229919433594
vt 0.5654860138893127 0.2922239899635315
vt 0.5690029859542847 0.2887229919433594
vt 0.568452000617981 0.2922239899635315
vt 0.5654860138893127 0.2922239899635315
vt 0.5635690093040466 0.2887229919433594
vt 0.5600680112838745 0.2922239899635315
vt 0.5600680112838745 0.28817296028137207
vt 0.5600680112838745 0.2922239899635315
vt 0.5635690093040466 0.2887229919433594
vt 0.5641189813613892 0.2922239899635315
vt 0.5635690093040466 0.2858160138130188
vt 0.5600680112838745 0.28817296028137207
vt 0.5600680112838745 0.28520703315734863
vt 0.5600680112838745 0.28817296028137207
vt 0.5635690093040466 0.2858160138130188
vt 0.5635690093040466 0.2887229919433594
vt 0.6387050151824951 0.32844603061676025
vt 0.6422060132026672 0.33194804191589355
vt 0.6387050151824951 0.3324980139732361
vt 0.6422060132026672 0.33194804191589355
vt 0.6387050151824951 0.32844603061676025
vt 0.6427559852600098 0.32844603061676025
vt 0.5690029859542847 0.2887229919433594
vt 0.5690029859542847 0.2858160138130188
vt 0.5725039839744568 0.28817296028137207
vt 0.5690029859542847 0.2858160138130188
vt 0.5725039839744568 0.28520703315734863
vt 0.5725039839744568 0.28817296028137207
vt 0.6604769825935364 0.2881140112876892
vt 0.6575700044631958 0.28520703315734863
vt 0.6604769825935364 0.28520703315734863
vt 0.625220000743866 0.4869459867477417
vt 0.6287209987640381 0.4904470443725586
vt 0.625220000743866 0.4909980297088623
vt 0.6287209987640381 0.4904470443725586
vt 0.625220000743866 0.4869459867477417
vt 0.6292709708213806 0.4869459867477417
vt 0.6122270226478577 0.2887229919433594
vt 0.6157429814338684 0.2922239899635315
vt 0.6127769947052002 0.2922239899635315
vt 0.6157429814338684 0.2922239899635315
vt 0.6122270226478577 0.2887229919433594
vt 0.6151340007781982 0.2887229919433594
vt 0.6087260246276855 0.2922239899635315
vt 0.6122270226478577 0.2887229919433594
vt 0.6127769947052002 0.2922239899635315
vt 0.6122270226478577 0.2887229919433594
vt 0.6087260246276855 0.2922239899635315
vt 0.6087260246276855 0.28817296028137207
vt 0.6122270226478577 0.2858160138130188
vt 0.6087260246276855 0.28817296028137207
vt 0.6087260246276855 0.28520703315734863
vt 0.6087260246276855 0.28817296028137207
vt 0.6122270226478577 0.2858160138130188
vt 0.6122270226478577 0.2887229919433594
vt 0.6387050151824951 0.2922239899635315
vt 0.6422060132026672 0.2887229919433594
vt 0.6427559852600098 0.2922239899635315
vt 0.6422060132026672 0.2887229919433594
vt 0.6387050151824951 0.2922239899635315
vt 0.6387050151824951 0.28817296028137207
vt 0.625220000743866 0.4909980297088623
vt 0.6287209987640381 0.4904470443725586
vt 0.6287209987640381 0.49335503578186035
vt 0.625220000743866 0.4909980297088623
vt 0.6287209987640381 0.49335503578186035
vt 0.625220000743866 0.49396395683288574
vt 0.6647149920463562 0.28520703315734863
vt 0.6618080139160156 0.2881140112876892
vt 0.6618080139160156 0.28520703315734863
vt 0.644635021686554 0.3319469690322876
vt 0.6481360197067261 0.32844603061676025
vt 0.6481360197067261 0.3324980139732361
vt 0.6481360197067261 0.32844603061676025
vt 0.644635021686554 0.3319469690322876
vt 0.6440849900245667 0.32844603061676025
vt 0.5600680112838745 0.4909980297088623
vt 0.5635690093040466 0.4904470443725586
vt 0.5635690093040466 0.49335503578186035
vt 0.5600680112838745 0.4909980297088623
vt 0.5635690093040466 0.49335503578186035
vt 0.5600680112838745 0.49396395683288574
vt 0.5600680112838745 0.4869459867477417
vt 0.5635690093040466 0.4904470443725586
vt 0.5600680112838745 0.4909980297088623
vt 0.5635690093040466 0.4904470443725586
vt 0.5600680112838745 0.4869459867477417
vt 0.5641189813613892 0.4869459867477417
vt 0.5690029859542847 0.4904470443725586
vt 0.5654860138893127 0.4869459867477417
vt 0.568452000617981 0.4869459867477417
vt 0.5654860138893127 0.4869459867477417
vt 0.5690029859542847 0.4904470443725586
vt 0.5660960078239441 0.4904470443725586
vt 0.5725039839744568 0.4869459867477417
vt 0.5690029859542847 0.4904470443725586
vt 0.568452000617981 0.4869459867477417
vt 0.5690029859542847 0.4904470443725586
vt 0.5725039839744568 0.4869459867477417
vt 0.5725039839744568 0.4909980297088623
vt 0.5725039839744568 0.4909980297088623
vt 0.5690029859542847 0.4933539628982544
vt 0.5690029859542847 0.4904470443725586
vt 0.5690029859542847 0.4933539628982544
vt 0.5725039839744568 0.4909980297088623
vt 0.5725039839744568 0.49396395683288574
vt 0.668953001499176 0.2881140112876892
vt 0.6660460233688354 0.2881140112876892
vt 0.668953001499176 0.28520703315734863
vt 0.6287209987640381 0.2887229919433594
vt 0.625220000743866 0.2922239899635315
vt 0.625220000743866 0.28817296028137207
vt 0.625220000743866 0.2922239899635315
vt 0.6287209987640381 0.2887229919433594
vt 0.6292709708213806 0.2922239899635315
vt 0.6287209987640381 0.2858160138130188
vt 0.625220000743866 0.28817296028137207
vt 0.625220000743866 0.28520703315734863
vt 0.625220000743866 0.28817296028137207
vt 0.6287209987640381 0.2858160138130188
vt 0.6287209987640381 0.2887229919433594
vt 0.6481360197067261 0.2922239899635315
vt 0.644635021686554 0.2887229919433594
vt 0.6481360197067261 0.28817296028137207
vt 0.644635021686554 0.2887229919433594
vt 0.6481360197067261 0.2922239899635315
vt 0.6440849900245667 0.2922239899635315
vt 0.6087260246276855 0.4909980297088623
vt 0.6122270226478577 0.4933539628982544
vt 0.6087260246276855 0.49396395683288574
vt 0.6122270226478577 0.4933539628982544
vt 0.6087260246276855 0.4909980297088623
vt 0.6122270226478577 0.4904470443725586
vt 0.6087260246276855 0.4869459867477417
vt 0.6122270226478577 0.4904470443725586
vt 0.6087260246276855 0.4909980297088623
vt 0.6122270226478577 0.4904470443725586
vt 0.6087260246276855 0.4869459867477417
vt 0.6127769947052002 0.4869459867477417
vt 0.6151340007781982 0.4904470443725586
vt 0.6122270226478577 0.4904470443725586
vt 0.6157429814338684 0.4869459867477417
vt 0.6122270226478577 0.4904470443725586
vt 0.6127769947052002 0.4869459867477417
vt 0.6157429814338684 0.4869459867477417
vt 0.6731910109519958 0.2881140112876892
vt 0.6702839732170105 0.2881140112876892
vt 0.6702839732170105 0.28520703315734863
vt 0.8214330077171326 0.23641598224639893
vt 0.8214330077171326 0.4937729835510254
vt 0.8163859844207764 0.23641598224639893
vt 0.8163859844207764 0.23641598224639893
vt 0.8214330077171326 0.4937729835510254
vt 0.8163859844207764 0.4937729835510254
vt 0.8251280188560486 0.23641598224639893
vt 0.8251280188560486 0.4937729835510254
vt 0.8214330077171326 0.23641598224639893
vt 0.8214330077171326 0.23641598224639893
vt 0.8251280188560486 0.4937729835510254
vt 0.8214330077171326 0.4937729835510254
vt 0.826479971408844 0.23641598224639893
vt 0.826479971408844 0.4937729835510254
vt 0.8251280188560486 0.23641598224639893
vt 0.8251280188560486 0.4937729835510254
vt 0.8251280188560486 0.23641598224639893
vt 0.826479971408844 0.4937729835510254
vt 0.8052260279655457 0.2276729941368103
vt 0.8163859844207764 0.22632098197937012
vt 0.8163859844207764 0.2276729941368103
vt 0.8163859844207764 0.22632098197937012
vt 0.8052260279655457 0.2276729941368103
vt 0.8052260279655457 0.22632098197937012
vt 0.8052260279655457 0.23136800527572632
vt 0.8163859844207764 0.2276729941368103
vt 0.8163859844207764 0.23136800527572632
vt 0.8163859844207764 0.2276729941368103
vt 0.8052260279655457 0.23136800527572632
vt 0.8052260279655457 0.2276729941368103
vt 0.8163859844207764 0.23641598224639893
vt 0.8052260279655457 0.23641598224639893
vt 0.8163859844207764 0.23136800527572632
vt 0.8052260279655457 0.23136800527572632
vt 0.8163859844207764 0.23136800527572632
vt 0.8052260279655457 0.23641598224639893
vt 0.9269459843635559 0.22632098197937012
vt 0.8515470027923584 0.2313690185546875
vt 0.8515470027923584 0.22632098197937012
vt 0.8515470027923584 0.2313690185546875
vt 0.9269459843635559 0.22632098197937012
vt 0.9269459843635559 0.2313690185546875
vt 0.9450380206108093 0.22632098197937012
vt 0.9487329721450806 0.3017200231552124
vt 0.9450380206108093 0.3017200231552124
vt 0.9487329721450806 0.3017200231552124
vt 0.9450380206108093 0.22632098197937012
vt 0.9487329721450806 0.22632098197937012
vt 0.9399909973144531 0.22632098197937012
vt 0.9450380206108093 0.3017200231552124
vt 0.9399909973144531 0.3017200231552124
vt 0.9450380206108093 0.3017200231552124
vt 0.9399909973144531 0.22632098197937012
vt 0.9450380206108093 0.22632098197937012
vt 0.8483129739761353 0.4937729835510254
vt 0.8483129739761353 0.23641598224639893
vt 0.8496659994125366 0.4937729835510254
vt 0.8496659994125366 0.23641598224639893
vt 0.8496659994125366 0.4937729835510254
vt 0.8483129739761353 0.23641598224639893
vt 0.8483129739761353 0.23641598224639893
vt 0.8483129739761353 0.4937729835510254
vt 0.844618022441864 0.23641598224639893
vt 0.844618022441864 0.23641598224639893
vt 0.8483129739761353 0.4937729835510254
vt 0.844618022441864 0.4937729835510254
vt 0.844618022441864 0.23641598224639893
vt 0.844618022441864 0.4937729835510254
vt 0.8395709991455078 0.23641598224639893
vt 0.8395709991455078 0.23641598224639893
vt 0.844618022441864 0.4937729835510254
vt 0.8395709991455078 0.4937729835510254
vt 0.8395709991455078 0.4988200068473816
vt 0.8284109830856323 0.4988200068473816
vt 0.8395709991455078 0.4937729835510254
vt 0.8284109830856323 0.4937729835510254
vt 0.8395709991455078 0.4937729835510254
vt 0.8284109830856323 0.4988200068473816
vt 0.8284109830856323 0.5025150179862976
vt 0.8395709991455078 0.4988200068473816
vt 0.8395709991455078 0.5025150179862976
vt 0.8395709991455078 0.4988200068473816
vt 0.8284109830856323 0.5025150179862976
vt 0.8284109830856323 0.4988200068473816
vt 0.8284109830856323 0.5038679838180542
vt 0.8395709991455078 0.5025150179862976
vt 0.8395709991455078 0.5038679838180542
vt 0.8395709991455078 0.5025150179862976
vt 0.8284109830856323 0.5038679838180542
vt 0.8284109830856323 0.5025150179862976
vt 0.8163859844207764 0.4988210201263428
vt 0.8052260279655457 0.4988210201263428
vt 0.8163859844207764 0.4937729835510254
vt 0.8052260279655457 0.4937729835510254
vt 0.8163859844207764 0.4937729835510254
vt 0.8052260279655457 0.4988210201263428
vt 0.8163859844207764 0.5025150179862976
vt 0.8052260279655457 0.5025150179862976
vt 0.8163859844207764 0.4988210201263428
vt 0.8052260279655457 0.4988210201263428
vt 0.8163859844207764 0.4988210201263428
vt 0.8052260279655457 0.5025150179862976
vt 0.8163859844207764 0.5038679838180542
vt 0.8052260279655457 0.5038679838180542
vt 0.8163859844207764 0.5025150179862976
vt 0.8052260279655457 0.5025150179862976
vt 0.8163859844207764 0.5025150179862976
vt 0.8052260279655457 0.5038679838180542
vt 0.9541860222816467 0.22632098197937012
vt 0.9592329859733582 0.3017200231552124
vt 0.9541860222816467 0.3017200231552124
vt 0.9592329859733582 0.3017200231552124
vt 0.9541860222816467 0.22632098197937012
vt 0.9592329859733582 0.22632098197937012
vt 0.9504910111427307 0.22632098197937012
vt 0.9541860222816467 0.3017200231552124
vt 0.9504910111427307 0.3017200231552124
vt 0.9541860222816467 0.3017200231552124
vt 0.9504910111427307 0.22632098197937012
vt 0.9541860222816467 0.22632098197937012
vt 0.9269459843635559 0.48872601985931396
vt 0.8515470027923584 0.4937729835510254
vt 0.8515470027923584 0.48872601985931396
vt 0.8515470027923584 0.4937729835510254
vt 0.9269459843635559 0.48872601985931396
vt 0.9269459843635559 0.4937729835510254
vt 0.8395709991455078 0.2276729941368103
vt 0.8284109830856323 0.2276729941368103
vt 0.8395709991455078 0.22632098197937012
vt 0.8284109830856323 0.22632098197937012
vt 0.8395709991455078 0.22632098197937012
vt 0.8284109830856323 0.2276729941368103
vt 0.8395709991455078 0.23136800527572632
vt 0.8284109830856323 0.23136800527572632
vt 0.8395709991455078 0.2276729941368103
vt 0.8284109830856323 0.2276729941368103
vt 0.8395709991455078 0.2276729941368103
vt 0.8284109830856323 0.23136800527572632
vt 0.8395709991455078 0.23641598224639893
vt 0.8284109830856323 0.23641598224639893
vt 0.8395709991455078 0.23136800527572632
vt 0.8284109830856323 0.23136800527572632
vt 0.8395709991455078 0.23136800527572632
vt 0.8284109830856323 0.23641598224639893
vt 0.9288309812545776 0.3017200231552124
vt 0.9288309812545776 0.22632098197937012
vt 0.9399909973144531 0.3017200231552124
vt 0.9399909973144531 0.3017200231552124
vt 0.9288309812545776 0.22632098197937012
vt 0.9399909973144531 0.22632098197937012
vt 0.9269459843635559 0.48872601985931396
vt 0.8515470027923584 0.48872601985931396
vt 0.8515470027923584 0.2313690185546875
vt 0.8515470027923584 0.2313690185546875
vt 0.9269459843635559 0.2313690185546875
vt 0.9269459843635559 0.48872601985931396
vt 0.9703930020332336 0.22632098197937012
vt 0.9703930020332336 0.3017200231552124
vt 0.9592329859733582 0.3017200231552124
vt 0.9592329859733582 0.3017200231552124
vt 0.9592329859733582 0.22632098197937012
vt 0.9703930020332336 0.22632098197937012
vt 0.8395709991455078 0.23641598224639893
vt 0.8395709991455078 0.4937729835510254
vt 0.8284109830856323 0.23641598224639893
vt 0.8284109830856323 0.23641598224639893
vt 0.8395709991455078 0.4937729835510254
vt 0.8284109830856323 0.4937729835510254
vt 0.8163859844207764 0.23641598224639893
vt 0.8163859844207764 0.4937729835510254
vt 0.8052260279655457 0.23641598224639893
vt 0.8052260279655457 0.23641598224639893
vt 0.8163859844207764 0.4937729835510254
vt 0.8052260279655457 0.4937729835510254
vt 0.8243690133094788 0.2320539951324463
vt 0.826479971408844 0.23641598224639893
vt 0.8251280188560486 0.23641598224639893
vt 0.826479971408844 0.23641598224639893
vt 0.8243690133094788 0.2320539951324463
vt 0.8251280188560486 0.23136800527572632
vt 0.8207470178604126 0.2320539951324463
vt 0.8243690133094788 0.2320539951324463
vt 0.8214330077171326 0.23641598224639893
vt 0.8243690133094788 0.2320539951324463
vt 0.8251280188560486 0.23641598224639893
vt 0.8214330077171326 0.23641598224639893
vt 0.8207470178604126 0.2320539951324463
vt 0.8163859844207764 0.23641598224639893
vt 0.8163859844207764 0.23136800527572632
vt 0.8163859844207764 0.23641598224639893
vt 0.8207470178604126 0.2320539951324463
vt 0.8214330077171326 0.23641598224639893
vt 0.8163859844207764 0.23136800527572632
vt 0.8163859844207764 0.2276729941368103
vt 0.8207470178604126 0.2320539951324463
vt 0.8207470178604126 0.2320539951324463
vt 0.8163859844207764 0.2276729941368103
vt 0.8207470178604126 0.2284330129623413
vt 0.8163859844207764 0.22632098197937012
vt 0.8207470178604126 0.2284330129623413
vt 0.8163859844207764 0.2276729941368103
vt 0.8207470178604126 0.2284330129623413
vt 0.8163859844207764 0.22632098197937012
vt 0.8214330077171326 0.2276729941368103
vt 0.8214330077171326 0.2276729941368103
vt 0.8243690133094788 0.2320539951324463
vt 0.8207470178604126 0.2284330129623413
vt 0.8243690133094788 0.2320539951324463
vt 0.8214330077171326 0.2276729941368103
vt 0.8251280188560486 0.23136800527572632
vt 0.8243690133094788 0.2320539951324463
vt 0.8207470178604126 0.2320539951324463
vt 0.8207470178604126 0.2284330129623413
vt 0.8395709991455078 0.4937729835510254
vt 0.8439319729804993 0.498134970664978
vt 0.8395709991455078 0.4988200068473816
vt 0.8439319729804993 0.498134970664978
vt 0.8395709991455078 0.4937729835510254
vt 0.844618022441864 0.4937729835510254
vt 0.8483129739761353 0.4937729835510254
vt 0.8475540280342102 0.498134970664978
vt 0.8439319729804993 0.498134970664978
vt 0.8483129739761353 0.4937729835510254
vt 0.8439319729804993 0.498134970664978
vt 0.844618022441864 0.4937729835510254
vt 0.8496659994125366 0.4937729835510254
vt 0.8475540280342102 0.498134970664978
vt 0.8483129739761353 0.4937729835510254
vt 0.8475540280342102 0.498134970664978
vt 0.8496659994125366 0.4937729835510254
vt 0.8483129739761353 0.4988200068473816
vt 0.844618022441864 0.5025150179862976
vt 0.8475540280342102 0.498134970664978
vt 0.8483129739761353 0.4988200068473816
vt 0.8475540280342102 0.498134970664978
vt 0.844618022441864 0.5025150179862976
vt 0.8439319729804993 0.5017560124397278
vt 0.8395709991455078 0.5038679838180542
vt 0.8439319729804993 0.5017560124397278
vt 0.844618022441864 0.5025150179862976
vt 0.8439319729804993 0.5017560124397278
vt 0.8395709991455078 0.5038679838180542
vt 0.8395709991455078 0.5025150179862976
vt 0.8395709991455078 0.5025150179862976
vt 0.8439319729804993 0.498134970664978
vt 0.8439319729804993 0.5017560124397278
vt 0.8439319729804993 0.498134970664978
vt 0.8395709991455078 0.5025150179862976
vt 0.8395709991455078 0.4988200068473816
vt 0.8439319729804993 0.498134970664978
vt 0.8475540280342102 0.498134970664978
vt 0.8439319729804993 0.5017560124397278
vt 0.8207470178604126 0.5017560124397278
vt 0.8163859844207764 0.5038679838180542
vt 0.8163859844207764 0.5025150179862976
vt 0.8163859844207764 0.5038679838180542
vt 0.8207470178604126 0.5017560124397278
vt 0.8214330077171326 0.5025150179862976
vt 0.8207470178604126 0.498134970664978
vt 0.8163859844207764 0.5025150179862976
vt 0.8163859844207764 0.4988210201263428
vt 0.8163859844207764 0.5025150179862976
vt 0.8207470178604126 0.498134970664978
vt 0.8207470178604126 0.5017560124397278
vt 0.8163859844207764 0.4937729835510254
vt 0.8207470178604126 0.498134970664978
vt 0.8163859844207764 0.4988210201263428
vt 0.8207470178604126 0.498134970664978
vt 0.8163859844207764 0.4937729835510254
vt 0.8214330077171326 0.4937729835510254
vt 0.8243690133094788 0.498134970664978
vt 0.8214330077171326 0.4937729835510254
vt 0.8251280188560486 0.4937729835510254
vt 0.8214330077171326 0.4937729835510254
vt 0.8243690133094788 0.498134970664978
vt 0.8207470178604126 0.498134970664978
vt 0.826479971408844 0.4937729835510254
vt 0.8243690133094788 0.498134970664978
vt 0.8251280188560486 0.4937729835510254
vt 0.8243690133094788 0.498134970664978
vt 0.826479971408844 0.4937729835510254
vt 0.8251280188560486 0.4988210201263428
vt 0.8207470178604126 0.5017560124397278
vt 0.8243690133094788 0.498134970664978
vt 0.8214330077171326 0.5025150179862976
vt 0.8243690133094788 0.498134970664978
vt 0.8251280188560486 0.4988210201263428
vt 0.8214330077171326 0.5025150179862976
vt 0.8207470178604126 0.5017560124397278
vt 0.8207470178604126 0.498134970664978
vt 0.8243690133094788 0.498134970664978
vt 0.8439319729804993 0.2320539951324463
vt 0.8395709991455078 0.23641598224639893
vt 0.8395709991455078 0.23136800527572632
vt 0.8395709991455078 0.23641598224639893
vt 0.8439319729804993 0.2320539951324463
vt 0.844618022441864 0.23641598224639893
vt 0.8395709991455078 0.2276729941368103
vt 0.8439319729804993 0.2284330129623413
vt 0.8439319729804993 0.2320539951324463
vt 0.8395709991455078 0.2276729941368103
vt 0.8439319729804993 0.2320539951324463
vt 0.8395709991455078 0.23136800527572632
vt 0.8395709991455078 0.22632098197937012
vt 0.8439319729804993 0.2284330129623413
vt 0.8395709991455078 0.2276729941368103
vt 0.8439319729804993 0.2284330129623413
vt 0.8395709991455078 0.22632098197937012
vt 0.844618022441864 0.2276729941368103
vt 0.8475540280342102 0.2320539951324463
vt 0.844618022441864 0.2276729941368103
vt 0.8483129739761353 0.23136800527572632
vt 0.844618022441864 0.2276729941368103
vt 0.8475540280342102 0.2320539951324463
vt 0.8439319729804993 0.2284330129623413
vt 0.8496659994125366 0.23641598224639893
vt 0.8475540280342102 0.2320539951324463
vt 0.8483129739761353 0.23136800527572632
vt 0.8475540280342102 0.2320539951324463
vt 0.8496659994125366 0.23641598224639893
vt 0.8483129739761353 0.23641598224639893
vt 0.8483129739761353 0.23641598224639893
vt 0.8439319729804993 0.2320539951324463
vt 0.8475540280342102 0.2320539951324463
vt 0.8439319729804993 0.2320539951324463
vt 0.8483129739761353 0.23641598224639893
vt 0.844618022441864 0.23641598224639893
vt 0.8439319729804993 0.2320539951324463
vt 0.8439319729804993 0.2284330129623413
vt 0.8475540280342102 0.2320539951324463
vt 0.6950939893722534 0.4184609651565552
vt 0.6950939893722534 0.31947195529937744
vt 0.698386013507843 0.4184609651565552
vt 0.6950939893722534 0.31947195529937744
vt 0.698386013507843 0.31947195529937744
vt 0.698386013507843 0.4184609651565552
vt 0.7016770243644714 0.4184609651565552
vt 0.698386013507843 0.31947195529937744
vt 0.7016770243644714 0.31947195529937744
vt 0.698386013507843 0.31947195529937744
vt 0.7016770243644714 0.4184609651565552
vt 0.698386013507843 0.4184609651565552
vt 0.7049689888954163 0.4184609651565552
vt 0.7016770243644714 0.31947195529937744
vt 0.7049689888954163 0.31947195529937744
vt 0.7016770243644714 0.31947195529937744
vt 0.7049689888954163 0.4184609651565552
vt 0.7016770243644714 0.4184609651565552
vt 0.7082599997520447 0.4184609651565552
vt 0.7049689888954163 0.31947195529937744
vt 0.7082599997520447 0.31947195529937744
vt 0.7049689888954163 0.31947195529937744
vt 0.7082599997520447 0.4184609651565552
vt 0.7049689888954163 0.4184609651565552
vt 0.7115510106086731 0.4184609651565552
vt 0.7082599997520447 0.31947195529937744
vt 0.7115510106086731 0.31947195529937744
vt 0.7082599997520447 0.31947195529937744
vt 0.7115510106086731 0.4184609651565552
vt 0.7082599997520447 0.4184609651565552
vt 0.7148429751396179 0.4184609651565552
vt 0.7115510106086731 0.31947195529937744
vt 0.7148429751396179 0.31947195529937744
vt 0.7115510106086731 0.31947195529937744
vt 0.7148429751396179 0.4184609651565552
vt 0.7115510106086731 0.4184609651565552
vt 0.7181339859962463 0.31947195529937744
vt 0.7181339859962463 0.4184609651565552
vt 0.7148429751396179 0.31947195529937744
vt 0.7148429751396179 0.4184609651565552
vt 0.7148429751396179 0.31947195529937744
vt 0.7181339859962463 0.4184609651565552
vt 0.7181339859962463 0.4184609651565552
vt 0.7181339859962463 0.31947195529937744
vt 0.7214249968528748 0.4184609651565552
vt 0.7181339859962463 0.31947195529937744
vt 0.7214249968528748 0.31947195529937744
vt 0.7214249968528748 0.4184609651565552
vt 0.7214249968528748 0.4184609651565552
vt 0.7214249968528748 0.31947195529937744
vt 0.7247170209884644 0.4184609651565552
vt 0.7214249968528748 0.31947195529937744
vt 0.7247170209884644 0.31947195529937744
vt 0.7247170209884644 0.4184609651565552
vt 0.7247170209884644 0.4184609651565552
vt 0.7247170209884644 0.31947195529937744
vt 0.728007972240448 0.4184609651565552
vt 0.7247170209884644 0.31947195529937744
vt 0.728007972240448 0.31947195529937744
vt 0.728007972240448 0.4184609651565552
vt 0.728007972240448 0.4184609651565552
vt 0.728007972240448 0.31947195529937744
vt 0.7312989830970764 0.4184609651565552
vt 0.728007972240448 0.31947195529937744
vt 0.7312989830970764 0.31947195529937744
vt 0.7312989830970764 0.4184609651565552
vt 0.734591007232666 0.31947195529937744
vt 0.734591007232666 0.4184609651565552
vt 0.7312989830970764 0.31947195529937744
vt 0.7312989830970764 0.4184609651565552
vt 0.7312989830970764 0.31947195529937744
vt 0.734591007232666 0.4184609651565552
vt 0.734591007232666 0.4184609651565552
vt 0.734591007232666 0.31947195529937744
vt 0.7378820180892944 0.4184609651565552
vt 0.734591007232666 0.31947195529937744
vt 0.7378820180892944 0.31947195529937744
vt 0.7378820180892944 0.4184609651565552
vt 0.7378820180892944 0.4184609651565552
vt 0.7378820180892944 0.31947195529937744
vt 0.7411739826202393 0.4184609651565552
vt 0.7378820180892944 0.31947195529937744
vt 0.7411739826202393 0.31947195529937744
vt 0.7411739826202393 0.4184609651565552
vt 0.7411739826202393 0.4184609651565552
vt 0.7411739826202393 0.31947195529937744
vt 0.7444649934768677 0.4184609651565552
vt 0.7411739826202393 0.31947195529937744
vt 0.7444649934768677 0.31947195529937744
vt 0.7444649934768677 0.4184609651565552
vt 0.7444649934768677 0.4184609651565552
vt 0.7444649934768677 0.31947195529937744
vt 0.7477560043334961 0.4184609651565552
vt 0.7444649934768677 0.31947195529937744
vt 0.7477560043334961 0.31947195529937744
vt 0.7477560043334961 0.4184609651565552
vt 0.7510480284690857 0.31947195529937744
vt 0.7510480284690857 0.4184609651565552
vt 0.7477560043334961 0.31947195529937744
vt 0.7477560043334961 0.4184609651565552
vt 0.7477560043334961 0.31947195529937744
vt 0.7510480284690857 0.4184609651565552
vt 0.7510480284690857 0.4184609651565552
vt 0.7510480284690857 0.31947195529937744
vt 0.7543389797210693 0.4184609651565552
vt 0.7510480284690857 0.31947195529937744
vt 0.7543389797210693 0.31947195529937744
vt 0.7543389797210693 0.4184609651565552
vt 0.7543389797210693 0.4184609651565552
vt 0.7543389797210693 0.31947195529937744
vt 0.7576299905776978 0.4184609651565552
vt 0.7543389797210693 0.31947195529937744
vt 0.7576299905776978 0.31947195529937744
vt 0.7576299905776978 0.4184609651565552
vt 0.7576299905776978 0.4184609651565552
vt 0.7576299905776978 0.31947195529937744
vt 0.7609220147132874 0.4184609651565552
vt 0.7576299905776978 0.31947195529937744
vt 0.7609220147132874 0.31947195529937744
vt 0.7609220147132874 0.4184609651565552
vt 0.7671369910240173 0.47206902503967285
vt 0.7612929940223694 0.48353803157806396
vt 0.728007972240448 0.45771002769470215
vt 0.7612929940223694 0.48353803157806396
vt 0.7521910071372986 0.49264001846313477
vt 0.728007972240448 0.45771002769470215
vt 0.7521910071372986 0.49264001846313477
vt 0.7407220005989075 0.4984840154647827
vt 0.728007972240448 0.45771002769470215
vt 0.7407220005989075 0.4984840154647827
vt 0.728007972240448 0.5004979968070984
vt 0.728007972240448 0.45771002769470215
vt 0.728007972240448 0.5004979968070984
vt 0.7152950167655945 0.4984840154647827
vt 0.728007972240448 0.45771002769470215
vt 0.7152950167655945 0.4984840154647827
vt 0.7038249969482422 0.49264001846313477
vt 0.728007972240448 0.45771002769470215
vt 0.7038249969482422 0.49264001846313477
vt 0.6947230100631714 0.48353803157806396
vt 0.728007972240448 0.45771002769470215
vt 0.6947230100631714 0.48353803157806396
vt 0.6888800263404846 0.47206902503967285
vt 0.728007972240448 0.45771002769470215
vt 0.6888800263404846 0.47206902503967285
vt 0.6868659853935242 0.4593549966812134
vt 0.728007972240448 0.45771002769470215
vt 0.6868659853935242 0.4593549966812134
vt 0.6888800263404846 0.44664204120635986
vt 0.728007972240448 0.45771002769470215
vt 0.6888800263404846 0.44664204120635986
vt 0.6947230100631714 0.43517303466796875
vt 0.728007972240448 0.45771002769470215
vt 0.6947230100631714 0.43517303466796875
vt 0.7038249969482422 0.4260709881782532
vt 0.728007972240448 0.45771002769470215
vt 0.7038249969482422 0.4260709881782532
vt 0.7152950167655945 0.4202269911766052
vt 0.728007972240448 0.45771002769470215
vt 0.7152950167655945 0.4202269911766052
vt 0.728007972240448 0.41821300983428955
vt 0.728007972240448 0.45771002769470215
vt 0.728007972240448 0.41821300983428955
vt 0.7407220005989075 0.4202269911766052
vt 0.728007972240448 0.45771002769470215
vt 0.7407220005989075 0.4202269911766052
vt 0.7521910071372986 0.4260709881782532
vt 0.728007972240448 0.45771002769470215
vt 0.7521910071372986 0.4260709881782532
vt 0.7612929940223694 0.43517303466796875
vt 0.728007972240448 0.45771002769470215
vt 0.7612929940223694 0.43517303466796875
vt 0.7671369910240173 0.44664204120635986
vt 0.728007972240448 0.45771002769470215
vt 0.7671369910240173 0.44664204120635986
vt 0.7691500186920166 0.4593549966812134
vt 0.728007972240448 0.45771002769470215
vt 0.7691500186920166 0.4593549966812134
vt 0.7671369910240173 0.47206902503967285
vt 0.728007972240448 0.45771002769470215
vt 0.002976000076159835 0.9883279800415039
vt 0.08890700340270996 0.9448729753494263
vt 0.008338999934494495 0.9936910271644592
vt 0.008338999934494495 0.8404579758644104
vt 0.015962999314069748 0.8559690117835999
vt 0.002976000076159835 0.8458200097084045
vt 0.018504999577999115 0.853426992893219
vt 0.008338999934494495 0.8404579758644104
vt 0.02170800045132637 0.8517950177192688
vt 0.12654200196266174 0.9377700090408325
vt 0.09255100041627884 0.9398580193519592
vt 0.1292629987001419 0.9324300289154053
vt 0.015962999314069748 0.8559690117835999
vt 0.008338999934494495 0.8404579758644104
vt 0.018504999577999115 0.853426992893219
vt 0.025258999317884445 0.8972020149230957
vt 0.08872000128030777 0.9436889886856079
vt 0.002976000076159835 0.9883279800415039
vt 0.008338999934494495 0.9936910271644592
vt 0.09255100041627884 0.9475200176239014
vt 0.13349999487400055 0.959185004234314
vt 0.9936299920082092 0.9936910271644592
vt 0.008338999934494495 0.9936910271644592
vt 0.15067799389362335 0.9619060158729553
vt 0.09255100041627884 0.9475200176239014
vt 0.008338999934494495 0.9936910271644592
vt 0.09136699885129929 0.9473320245742798
vt 0.08872000128030777 0.9436889886856079
vt 0.025258999317884445 0.8972020149230957
vt 0.08890700340270996 0.9425050020217896
vt 0.002976000076159835 0.9883279800415039
vt 0.008338999934494495 0.9936910271644592
vt 0.004546999931335449 0.9921200275421143
vt 0.002976000076159835 0.9883279800415039
vt 0.013767999596893787 0.8857110142707825
vt 0.014330999925732613 0.8892620205879211
vt 0.008338999934494495 0.8404579758644104
vt 0.002976000076159835 0.8458200097084045
vt 0.004546999931335449 0.842028021812439
vt 0.008338999934494495 0.8404579758644104
vt 0.025821000337600708 0.8512319922447205
vt 0.025258999317884445 0.8512319922447205
vt 0.008338999934494495 0.8404579758644104
vt 0.025258999317884445 0.8512319922447205
vt 0.02170800045132637 0.8517950177192688
vt 0.013767999596893787 0.8857110142707825
vt 0.002976000076159835 0.9883279800415039
vt 0.002976000076159835 0.8458200097084045
vt 0.002976000076159835 0.8458200097084045
vt 0.015962999314069748 0.8559690117835999
vt 0.014329999685287476 0.8591729998588562
vt 0.002976000076159835 0.8458200097084045
vt 0.014329999685287476 0.8591729998588562
vt 0.013767999596893787 0.8627240061759949
vt 0.002976000076159835 0.8458200097084045
vt 0.013767999596893787 0.8627240061759949
vt 0.013767999596893787 0.8857110142707825
vt 0.002976000076159835 0.9883279800415039
vt 0.014330999925732613 0.8892620205879211
vt 0.015962999314069748 0.8924649953842163
vt 0.002976000076159835 0.9883279800415039
vt 0.015962999314069748 0.8924649953842163
vt 0.018504999577999115 0.8950080275535583
vt 0.09029900282621384 0.9405900239944458
vt 0.10040999948978424 0.8972020149230957
vt 0.09136699885129929 0.9400460124015808
vt 0.02170800045132637 0.8966400027275085
vt 0.002976000076159835 0.9883279800415039
vt 0.018504999577999115 0.8950080275535583
vt 0.025258999317884445 0.8972020149230957
vt 0.002976000076159835 0.9883279800415039
vt 0.02170800045132637 0.8966400027275085
vt 0.10040999948978424 0.8972020149230957
vt 0.14475899934768677 0.9245349764823914
vt 0.13884000480175018 0.9254720211029053
vt 0.10040999948978424 0.8972020149230957
vt 0.13884000480175018 0.9254720211029053
vt 0.13349999487400055 0.9281929731369019
vt 0.10040999948978424 0.8972020149230957
vt 0.13349999487400055 0.9281929731369019
vt 0.1292629987001419 0.9324300289154053
vt 0.10040999948978424 0.8972020149230957
vt 0.09029900282621384 0.9405900239944458
vt 0.025258999317884445 0.8972020149230957
vt 0.10040999948978424 0.8972020149230957
vt 0.1292629987001419 0.9324300289154053
vt 0.09255100041627884 0.9398580193519592
vt 0.10040999948978424 0.8972020149230957
vt 0.09255100041627884 0.9398580193519592
vt 0.09136699885129929 0.9400460124015808
vt 0.08890700340270996 0.9425050020217896
vt 0.025258999317884445 0.8972020149230957
vt 0.08945100009441376 0.9414370059967041
vt 0.025258999317884445 0.8972020149230957
vt 0.09029900282621384 0.9405900239944458
vt 0.08945100009441376 0.9414370059967041
vt 0.09136699885129929 0.9473320245742798
vt 0.008338999934494495 0.9936910271644592
vt 0.09029900282621384 0.9467880129814148
vt 0.08890700340270996 0.9448729753494263
vt 0.002976000076159835 0.9883279800415039
vt 0.08872000128030777 0.9436889886856079
vt 0.008338999934494495 0.9936910271644592
vt 0.08890700340270996 0.9448729753494263
vt 0.08945100009441376 0.9459409713745117
vt 0.008338999934494495 0.9936910271644592
vt 0.08945100009441376 0.9459409713745117
vt 0.09029900282621384 0.9467880129814148
vt 0.15067799389362335 0.9619060158729553
vt 0.008338999934494495 0.9936910271644592
vt 0.14475899934768677 0.9628430008888245
vt 0.008338999934494495 0.9936910271644592
vt 0.13349999487400055 0.959185004234314
vt 0.13884000480175018 0.9619060158729553
vt 0.008338999934494495 0.9936910271644592
vt 0.13884000480175018 0.9619060158729553
vt 0.14475899934768677 0.9628430008888245
vt 0.9989920258522034 0.9883279800415039
vt 0.9936299920082092 0.9936910271644592
vt 0.9936299920082092 0.8404579758644104
vt 0.16025499999523163 0.9324300289154053
vt 0.4560840129852295 0.8972020149230957
vt 0.1629749983549118 0.9377700090408325
vt 0.9989920258522034 0.9883279800415039
vt 0.9936299920082092 0.8404579758644104
vt 0.9989920258522034 0.8458200097084045
vt 0.156017005443573 0.959185004234314
vt 0.4560840129852295 0.8972020149230957
vt 0.15067799389362335 0.9619060158729553
vt 0.4986029863357544 0.8627889752388
vt 0.9936299920082092 0.9936910271644592
vt 0.4964210093021393 0.8662779927253723
vt 0.9936299920082092 0.9936910271644592
vt 0.4986029863357544 0.8627889752388
vt 0.9936299920082092 0.8404579758644104
vt 0.9989920258522034 0.8458200097084045
vt 0.9936299920082092 0.8404579758644104
vt 0.9974219799041748 0.842028021812439
vt 0.4685780107975006 0.8931990265846252
vt 0.9936299920082092 0.9936910271644592
vt 0.4657270014286041 0.8949180245399475
vt 0.9936299920082092 0.9936910271644592
vt 0.9989920258522034 0.9883279800415039
vt 0.9974219799041748 0.9921200275421143
vt 0.1629749983549118 0.9377700090408325
vt 0.4560840129852295 0.8972020149230957
vt 0.16391299664974213 0.9436889886856079
vt 0.16025499999523163 0.9549469947814941
vt 0.4560840129852295 0.8972020149230957
vt 0.156017005443573 0.959185004234314
vt 0.1629749983549118 0.9496080279350281
vt 0.4560840129852295 0.8972020149230957
vt 0.16025499999523163 0.9549469947814941
vt 0.16391299664974213 0.9436889886856079
vt 0.4560840129852295 0.8972020149230957
vt 0.1629749983549118 0.9496080279350281
vt 0.156017005443573 0.9281929731369019
vt 0.4560840129852295 0.8972020149230957
vt 0.16025499999523163 0.9324300289154053
vt 0.10040999948978424 0.8972020149230957
vt 0.15067799389362335 0.9254720211029053
vt 0.14475899934768677 0.9245349764823914
vt 0.9936299920082092 0.9936910271644592
vt 0.15067799389362335 0.9619060158729553
vt 0.4560840129852295 0.8972020149230957
vt 0.9936299920082092 0.9936910271644592
vt 0.4560840129852295 0.8972020149230957
vt 0.45940399169921875 0.896943986415863
vt 0.9936299920082092 0.9936910271644592
vt 0.45940399169921875 0.896943986415863
vt 0.4626440107822418 0.8961769938468933
vt 0.9936299920082092 0.9936910271644592
vt 0.4626440107822418 0.8961769938468933
vt 0.4657270014286041 0.8949180245399475
vt 0.9936299920082092 0.9936910271644592
vt 0.4685780107975006 0.8931990265846252
vt 0.47113001346588135 0.8910589814186096
vt 0.9936299920082092 0.9936910271644592
vt 0.47113001346588135 0.8910589814186096
vt 0.4964210093021393 0.8662779927253723
vt 0.4973999857902527 0.8548790216445923
vt 0.9936299920082092 0.8404579758644104
vt 0.49895501136779785 0.85868901014328
vt 0.9936299920082092 0.8404579758644104
vt 0.4986029863357544 0.8627889752388
vt 0.49895501136779785 0.85868901014328
vt 0.008338999934494495 0.8404579758644104
vt 0.9936299920082092 0.8404579758644104
vt 0.4902789890766144 0.8512319922447205
vt 0.49427899718284607 0.852196991443634
vt 0.9936299920082092 0.8404579758644104
vt 0.4973999857902527 0.8548790216445923
vt 0.4902789890766144 0.8512319922447205
vt 0.9936299920082092 0.8404579758644104
vt 0.49427899718284607 0.852196991443634
vt 0.4560840129852295 0.8972020149230957
vt 0.15067799389362335 0.9254720211029053
vt 0.10040999948978424 0.8972020149230957
vt 0.008338999934494495 0.8404579758644104
vt 0.4902789890766144 0.8512319922447205
vt 0.025821000337600708 0.8512319922447205
vt 0.15067799389362335 0.9254720211029053
vt 0.4560840129852295 0.8972020149230957
vt 0.156017005443573 0.9281929731369019
vt 0.4336709976196289 0.3751929998397827
vt 0.44731101393699646 0.3751929998397827
vt 0.4336709976196289 0.3811119794845581
vt 0.44731101393699646 0.3811119794845581
vt 0.4336709976196289 0.3811119794845581
vt 0.44731101393699646 0.3751929998397827
vt 0.4336709976196289 0.3811119794845581
vt 0.44731101393699646 0.3811119794845581
vt 0.4336709976196289 0.38645195960998535
vt 0.44731101393699646 0.38645195960998535
vt 0.4336709976196289 0.38645195960998535
vt 0.44731101393699646 0.3811119794845581
vt 0.40790098905563354 0.3639349937438965
vt 0.3942610025405884 0.3681719899177551
vt 0.3942610025405884 0.3639349937438965
vt 0.3942610025405884 0.3681719899177551
vt 0.40790098905563354 0.3639349937438965
vt 0.40790098905563354 0.3681719899177551
vt 0.40790098905563354 0.3681719899177551
vt 0.3942610025405884 0.37351202964782715
vt 0.3942610025405884 0.3681719899177551
vt 0.3942610025405884 0.37351202964782715
vt 0.40790098905563354 0.3681719899177551
vt 0.40790098905563354 0.37351202964782715
vt 0.09638100117444992 0.9436889886856079
vt 0.12560400366783142 0.9436889886856079
vt 0.09619399905204773 0.9448729753494263
vt 0.13349999487400055 0.959185004234314
vt 0.09255100041627884 0.9475200176239014
vt 0.0937340036034584 0.9473320245742798
vt 0.12654200196266174 0.9377700090408325
vt 0.09619399905204773 0.9425050020217896
vt 0.09565000236034393 0.9414370059967041
vt 0.12560400366783142 0.9436889886856079
vt 0.09619399905204773 0.9425050020217896
vt 0.12654200196266174 0.9377700090408325
vt 0.0937340036034584 0.9473320245742798
vt 0.1292629987001419 0.9549480080604553
vt 0.13349999487400055 0.959185004234314
vt 0.09480199962854385 0.9467880129814148
vt 0.12654200196266174 0.9496080279350281
vt 0.1292629987001419 0.9549480080604553
vt 0.12654200196266174 0.9496080279350281
vt 0.09619399905204773 0.9448729753494263
vt 0.12560400366783142 0.9436889886856079
vt 0.09255100041627884 0.9398580193519592
vt 0.12654200196266174 0.9377700090408325
vt 0.0937340036034584 0.9400460124015808
vt 0.09619399905204773 0.9425050020217896
vt 0.12560400366783142 0.9436889886856079
vt 0.09638100117444992 0.9436889886856079
vt 0.09480199962854385 0.9405900239944458
vt 0.12654200196266174 0.9377700090408325
vt 0.09565000236034393 0.9414370059967041
vt 0.0937340036034584 0.9400460124015808
vt 0.12654200196266174 0.9377700090408325
vt 0.09480199962854385 0.9405900239944458
vt 0.09619399905204773 0.9448729753494263
vt 0.12654200196266174 0.9496080279350281
vt 0.09565000236034393 0.9459409713745117
vt 0.12654200196266174 0.9496080279350281
vt 0.09480199962854385 0.9467880129814148
vt 0.09565000236034393 0.9459409713745117
vt 0.1292629987001419 0.9549480080604553
vt 0.0937340036034584 0.9473320245742798
vt 0.09480199962854385 0.9467880129814148
vt 0.4317600131034851 0.39859598875045776
vt 0.4317600131034851 0.4122350215911865
vt 0.43057599663734436 0.39859598875045776
vt 0.43057599663734436 0.4122350215911865
vt 0.43057599663734436 0.39859598875045776
vt 0.4317600131034851 0.4122350215911865
vt 0.43057599663734436 0.39859598875045776
vt 0.43057599663734436 0.4122350215911865
vt 0.4295080006122589 0.39859598875045776
vt 0.4295080006122589 0.4122350215911865
vt 0.4295080006122589 0.39859598875045776
vt 0.43057599663734436 0.4122350215911865
vt 0.41767001152038574 0.4122350215911865
vt 0.41767001152038574 0.39859598875045776
vt 0.4185180068016052 0.4122350215911865
vt 0.4185180068016052 0.39859598875045776
vt 0.4185180068016052 0.4122350215911865
vt 0.41767001152038574 0.39859598875045776
vt 0.4185180068016052 0.39859598875045776
vt 0.4195860028266907 0.4122350215911865
vt 0.4185180068016052 0.4122350215911865
vt 0.4195860028266907 0.4122350215911865
vt 0.4185180068016052 0.39859598875045776
vt 0.4195860028266907 0.39859598875045776
vt 0.4195860028266907 0.39859598875045776
vt 0.42076998949050903 0.4122350215911865
vt 0.4195860028266907 0.4122350215911865
vt 0.42076998949050903 0.4122350215911865
vt 0.4195860028266907 0.39859598875045776
vt 0.42076998949050903 0.39859598875045776
vt 0.42076998949050903 0.39859598875045776
vt 0.4219529926776886 0.4122350215911865
vt 0.42076998949050903 0.4122350215911865
vt 0.4219529926776886 0.4122350215911865
vt 0.42076998949050903 0.39859598875045776
vt 0.4219529926776886 0.39859598875045776
vt 0.4219529926776886 0.39859598875045776
vt 0.42302098870277405 0.4122350215911865
vt 0.4219529926776886 0.4122350215911865
vt 0.42302098870277405 0.4122350215911865
vt 0.4219529926776886 0.39859598875045776
vt 0.42302098870277405 0.39859598875045776
vt 0.42302098870277405 0.39859598875045776
vt 0.4238690137863159 0.4122350215911865
vt 0.42302098870277405 0.4122350215911865
vt 0.4238690137863159 0.4122350215911865
vt 0.42302098870277405 0.39859598875045776
vt 0.4238690137863159 0.39859598875045776
vt 0.40752801299095154 0.4122350215911865
vt 0.4085949957370758 0.3985949754714966
vt 0.4085949957370758 0.4122350215911865
vt 0.4085949957370758 0.3985949754714966
vt 0.40752801299095154 0.4122350215911865
vt 0.40752801299095154 0.3985949754714966
vt 0.4085949957370758 0.4122350215911865
vt 0.40977901220321655 0.3985949754714966
vt 0.40977901220321655 0.4122350215911865
vt 0.40977901220321655 0.3985949754714966
vt 0.4085949957370758 0.4122350215911865
vt 0.4085949957370758 0.3985949754714966
vt 0.4396510124206543 0.41263800859451294
vt 0.45329099893569946 0.4072979688644409
vt 0.45329099893569946 0.41263800859451294
vt 0.45329099893569946 0.4072979688644409
vt 0.4396510124206543 0.41263800859451294
vt 0.4396510124206543 0.4072979688644409
vt 0.4396510124206543 0.4072979688644409
vt 0.45329099893569946 0.4013789892196655
vt 0.45329099893569946 0.4072979688644409
vt 0.45329099893569946 0.4013789892196655
vt 0.4396510124206543 0.4072979688644409
vt 0.4396510124206543 0.4013789892196655
vt 0.4396510124206543 0.4013789892196655
vt 0.45329099893569946 0.39546000957489014
vt 0.45329099893569946 0.4013789892196655
vt 0.45329099893569946 0.39546000957489014
vt 0.4396510124206543 0.4013789892196655
vt 0.4396510124206543 0.39546000957489014
vt 0.4396510124206543 0.39546000957489014
vt 0.45329099893569946 0.3901209831237793
vt 0.45329099893569946 0.39546000957489014
vt 0.45329099893569946 0.3901209831237793
vt 0.4396510124206543 0.39546000957489014
vt 0.4396510124206543 0.3901209831237793
vt 0.41396600008010864 0.3949270248413086
vt 0.4276059865951538 0.39068901538848877
vt 0.4276059865951538 0.3949270248413086
vt 0.4276059865951538 0.39068901538848877
vt 0.41396600008010864 0.3949270248413086
vt 0.41396600008010864 0.39068901538848877
vt 0.41396600008010864 0.39068901538848877
vt 0.4276059865951538 0.38534998893737793
vt 0.4276059865951538 0.39068901538848877
vt 0.4276059865951538 0.38534998893737793
vt 0.41396600008010864 0.39068901538848877
vt 0.41396600008010864 0.38534998893737793
vt 0.41396600008010864 0.38534998893737793
vt 0.4276059865951538 0.37943100929260254
vt 0.4276059865951538 0.38534998893737793
vt 0.4276059865951538 0.37943100929260254
vt 0.41396600008010864 0.38534998893737793
vt 0.41396600008010864 0.37943100929260254
vt 0.41396600008010864 0.37943100929260254
vt 0.4276059865951538 0.37351202964782715
vt 0.4276059865951538 0.37943100929260254
vt 0.4276059865951538 0.37351202964782715
vt 0.41396600008010864 0.37943100929260254
vt 0.41396600008010864 0.37351202964782715
vt 0.41396600008010864 0.37351202964782715
vt 0.4276059865951538 0.3681719899177551
vt 0.4276059865951538 0.37351202964782715
vt 0.4276059865951538 0.3681719899177551
vt 0.41396600008010864 0.37351202964782715
vt 0.41396600008010864 0.3681719899177551
vt 0.4276059865951538 0.3681719899177551
vt 0.41396600008010864 0.3681719899177551
vt 0.4276059865951538 0.3639349937438965
vt 0.41396600008010864 0.3639349937438965
vt 0.4276059865951538 0.3639349937438965
vt 0.41396600008010864 0.3681719899177551
vt 0.4336709976196289 0.3639349937438965
vt 0.44731101393699646 0.3639349937438965
vt 0.4336709976196289 0.3692740201950073
vt 0.44731101393699646 0.3692740201950073
vt 0.4336709976196289 0.3692740201950073
vt 0.44731101393699646 0.3639349937438965
vt 0.4336709976196289 0.3692740201950073
vt 0.44731101393699646 0.3692740201950073
vt 0.4336709976196289 0.3751929998397827
vt 0.44731101393699646 0.3751929998397827
vt 0.4336709976196289 0.3751929998397827
vt 0.44731101393699646 0.3692740201950073
vt 0.34947699308395386 0.38308900594711304
vt 0.3686310052871704 0.38308900594711304
vt 0.3504140079021454 0.3890079855918884
vt 0.3504140079021454 0.3890079855918884
vt 0.3686310052871704 0.38308900594711304
vt 0.35313498973846436 0.39434701204299927
vt 0.35313498973846436 0.39434701204299927
vt 0.3686310052871704 0.38308900594711304
vt 0.357371985912323 0.3985849618911743
vt 0.40790098905563354 0.37351202964782715
vt 0.3942610025405884 0.37943100929260254
vt 0.3942610025405884 0.37351202964782715
vt 0.3942610025405884 0.37943100929260254
vt 0.40790098905563354 0.37351202964782715
vt 0.40790098905563354 0.37943100929260254
vt 0.357371985912323 0.3985849618911743
vt 0.3686310052871704 0.38308900594711304
vt 0.36271199584007263 0.40130603313446045
vt 0.40977901220321655 0.3985949754714966
vt 0.4109629988670349 0.4122350215911865
vt 0.40977901220321655 0.4122350215911865
vt 0.4109629988670349 0.4122350215911865
vt 0.40977901220321655 0.3985949754714966
vt 0.4109629988670349 0.3985949754714966
vt 0.4109629988670349 0.3985949754714966
vt 0.41203099489212036 0.4122350215911865
vt 0.4109629988670349 0.4122350215911865
vt 0.41203099489212036 0.4122350215911865
vt 0.4109629988670349 0.3985949754714966
vt 0.41203099489212036 0.3985949754714966
vt 0.40188801288604736 0.4122350215911865
vt 0.4010410010814667 0.39859598875045776
vt 0.40188801288604736 0.39859598875045776
vt 0.4010410010814667 0.39859598875045776
vt 0.40188801288604736 0.4122350215911865
vt 0.4010410010814667 0.4122350215911865
vt 0.4010410010814667 0.4122350215911865
vt 0.3999730050563812 0.39859598875045776
vt 0.4010410010814667 0.39859598875045776
vt 0.3999730050563812 0.39859598875045776
vt 0.4010410010814667 0.4122350215911865
vt 0.3999730050563812 0.4122350215911865
vt 0.3999730050563812 0.4122350215911865
vt 0.3987889885902405 0.39859598875045776
vt 0.3999730050563812 0.39859598875045776
vt 0.3987889885902405 0.39859598875045776
vt 0.3999730050563812 0.4122350215911865
vt 0.3987889885902405 0.4122350215911865
vt 0.3987889885902405 0.4122350215911865
vt 0.3976050019264221 0.39859598875045776
vt 0.3987889885902405 0.39859598875045776
vt 0.3976050019264221 0.39859598875045776
vt 0.3987889885902405 0.4122350215911865
vt 0.3976050019264221 0.4122350215911865
vt 0.3976050019264221 0.4122350215911865
vt 0.39653798937797546 0.39859598875045776
vt 0.3976050019264221 0.39859598875045776
vt 0.39653798937797546 0.39859598875045776
vt 0.3976050019264221 0.4122350215911865
vt 0.39653798937797546 0.4122350215911865
vt 0.39653798937797546 0.4122350215911865
vt 0.395689994096756 0.39859598875045776
vt 0.39653798937797546 0.39859598875045776
vt 0.395689994096756 0.39859598875045776
vt 0.39653798937797546 0.4122350215911865
vt 0.395689994096756 0.4122350215911865
vt 0.4340110123157501 0.39859598875045776
vt 0.4340110123157501 0.4122350215911865
vt 0.43294399976730347 0.39859598875045776
vt 0.43294399976730347 0.4122350215911865
vt 0.43294399976730347 0.39859598875045776
vt 0.4340110123157501 0.4122350215911865
vt 0.43294399976730347 0.39859598875045776
vt 0.43294399976730347 0.4122350215911865
vt 0.4317600131034851 0.39859598875045776
vt 0.4317600131034851 0.4122350215911865
vt 0.4317600131034851 0.39859598875045776
vt 0.43294399976730347 0.4122350215911865
vt 0.40790098905563354 0.37943100929260254
vt 0.3942610025405884 0.38534998893737793
vt 0.3942610025405884 0.37943100929260254
vt 0.3942610025405884 0.38534998893737793
vt 0.40790098905563354 0.37943100929260254
vt 0.40790098905563354 0.38534998893737793
vt 0.40790098905563354 0.38534998893737793
vt 0.3942610025405884 0.39068901538848877
vt 0.3942610025405884 0.38534998893737793
vt 0.3942610025405884 0.39068901538848877
vt 0.40790098905563354 0.38534998893737793
vt 0.40790098905563354 0.39068901538848877
vt 0.40790098905563354 0.39068901538848877
vt 0.3942610025405884 0.3949270248413086
vt 0.3942610025405884 0.39068901538848877
vt 0.3942610025405884 0.3949270248413086
vt 0.40790098905563354 0.39068901538848877
vt 0.40790098905563354 0.3949270248413086
vt 0.3862200081348419 0.40591204166412354
vt 0.3862200081348419 0.4097430109977722
vt 0.38503599166870117 0.40609896183013916
vt 0.38503599166870117 0.40609896183013916
vt 0.3862200081348419 0.4097430109977722
vt 0.3839679956436157 0.4066430330276489
vt 0.3839679956436157 0.4066430330276489
vt 0.3862200081348419 0.4097430109977722
vt 0.3831210136413574 0.40749096870422363
vt 0.3831210136413574 0.40749096870422363
vt 0.3862200081348419 0.4097430109977722
vt 0.38257598876953125 0.4085589647293091
vt 0.38257598876953125 0.4085589647293091
vt 0.3862200081348419 0.4097430109977722
vt 0.38238900899887085 0.4097430109977722
vt 0.38238900899887085 0.4097430109977722
vt 0.3862200081348419 0.4097430109977722
vt 0.38257598876953125 0.4109259843826294
vt 0.38257598876953125 0.4109259843826294
vt 0.3862200081348419 0.4097430109977722
vt 0.3831210136413574 0.41199398040771484
vt 0.3831210136413574 0.41199398040771484
vt 0.3862200081348419 0.4097430109977722
vt 0.3839679956436157 0.4128420352935791
vt 0.3839679956436157 0.4128420352935791
vt 0.3862200081348419 0.4097430109977722
vt 0.38503599166870117 0.4133859872817993
vt 0.38503599166870117 0.4133859872817993
vt 0.3862200081348419 0.4097430109977722
vt 0.3862200081348419 0.4135730266571045
vt 0.3841269910335541 0.39434701204299927
vt 0.3686310052871704 0.38308900594711304
vt 0.38684698939323425 0.3890079855918884
vt 0.38684698939323425 0.3890079855918884
vt 0.3686310052871704 0.38308900594711304
vt 0.3877849876880646 0.38308900594711304
vt 0.3877849876880646 0.38308900594711304
vt 0.3686310052871704 0.38308900594711304
vt 0.38684698939323425 0.37716996669769287
vt 0.38684698939323425 0.37716996669769287
vt 0.3686310052871704 0.38308900594711304
vt 0.3841269910335541 0.3718299865722656
vt 0.3841269910335541 0.3718299865722656
vt 0.3686310052871704 0.38308900594711304
vt 0.37988901138305664 0.367592990398407
vt 0.37988901138305664 0.367592990398407
vt 0.3686310052871704 0.38308900594711304
vt 0.3745500147342682 0.3648719787597656
vt 0.3745500147342682 0.3648719787597656
vt 0.3686310052871704 0.38308900594711304
vt 0.3686310052871704 0.3639349937438965
vt 0.3686310052871704 0.3639349937438965
vt 0.3686310052871704 0.38308900594711304
vt 0.36271199584007263 0.3648719787597656
vt 0.36271199584007263 0.3648719787597656
vt 0.3686310052871704 0.38308900594711304
vt 0.357371985912323 0.367592990398407
vt 0.357371985912323 0.367592990398407
vt 0.3686310052871704 0.38308900594711304
vt 0.35313498973846436 0.3718299865722656
vt 0.35313498973846436 0.3718299865722656
vt 0.3686310052871704 0.38308900594711304
vt 0.3504140079021454 0.37716996669769287
vt 0.3504140079021454 0.37716996669769287
vt 0.3686310052871704 0.38308900594711304
vt 0.34947699308395386 0.38308900594711304
vt 0.36271199584007263 0.40130603313446045
vt 0.3686310052871704 0.38308900594711304
vt 0.3686310052871704 0.4022430181503296
vt 0.3862200081348419 0.4135730266571045
vt 0.3862200081348419 0.4097430109977722
vt 0.3874039947986603 0.4133859872817993
vt 0.3874039947986603 0.4133859872817993
vt 0.3862200081348419 0.4097430109977722
vt 0.3884719908237457 0.4128420352935791
vt 0.3884719908237457 0.4128420352935791
vt 0.3862200081348419 0.4097430109977722
vt 0.3893190026283264 0.41199398040771484
vt 0.3893190026283264 0.41199398040771484
vt 0.3862200081348419 0.4097430109977722
vt 0.3898630142211914 0.4109259843826294
vt 0.3898630142211914 0.4109259843826294
vt 0.3862200081348419 0.4097430109977722
vt 0.390051007270813 0.4097430109977722
vt 0.390051007270813 0.4097430109977722
vt 0.3862200081348419 0.4097430109977722
vt 0.3898630142211914 0.4085589647293091
vt 0.3898630142211914 0.4085589647293091
vt 0.3862200081348419 0.4097430109977722
vt 0.3893190026283264 0.40749096870422363
vt 0.3893190026283264 0.40749096870422363
vt 0.3862200081348419 0.4097430109977722
vt 0.3884719908237457 0.4066430330276489
vt 0.3884719908237457 0.4066430330276489
vt 0.3862200081348419 0.4097430109977722
vt 0.3874039947986603 0.40609896183013916
vt 0.3874039947986603 0.40609896183013916
vt 0.3862200081348419 0.4097430109977722
vt 0.3862200081348419 0.40591204166412354
vt 0.3686310052871704 0.4022430181503296
vt 0.3686310052871704 0.38308900594711304
vt 0.3745500147342682 0.40130603313446045
vt 0.3745500147342682 0.40130603313446045
vt 0.3686310052871704 0.38308900594711304
vt 0.37988901138305664 0.3985849618911743
vt 0.37988901138305664 0.3985849618911743
vt 0.3686310052871704 0.38308900594711304
vt 0.3841269910335541 0.39434701204299927
vt 0.16722799837589264 0.503711998462677
vt 0.1059349998831749 0.503711998462677
vt 0.16722799837589264 0.4285609722137451
vt 0.1059349998831749 0.07288700342178345
vt 0.16722799837589264 0.4285609722137451
vt 0.1059349998831749 0.503711998462677
vt 0.16722799837589264 0.4285609722137451
vt 0.1059349998831749 0.07288700342178345
vt 0.16722799837589264 0.07288700342178345
vt 0.1059349998831749 0.5072630047798157
vt 0.16722799837589264 0.503711998462677
vt 0.16722799837589264 0.5072630047798157
vt 0.16722799837589264 0.503711998462677
vt 0.1059349998831749 0.5072630047798157
vt 0.1059349998831749 0.503711998462677
vt 0.1059349998831749 0.07288700342178345
vt 0.16722799837589264 0.06956702470779419
vt 0.16722799837589264 0.07288700342178345
vt 0.16722799837589264 0.06956702470779419
vt 0.1059349998831749 0.07288700342178345
vt 0.1059349998831749 0.06956702470779419
vt 0.1059349998831749 0.5104659795761108
vt 0.16722799837589264 0.5072630047798157
vt 0.16722799837589264 0.5104659795761108
vt 0.16722799837589264 0.5072630047798157
vt 0.1059349998831749 0.5104659795761108
vt 0.1059349998831749 0.5072630047798157
vt 0.1059349998831749 0.06956702470779419
vt 0.16722799837589264 0.06632697582244873
vt 0.16722799837589264 0.06956702470779419
vt 0.16722799837589264 0.06632697582244873
vt 0.1059349998831749 0.06956702470779419
vt 0.1059349998831749 0.06632697582244873
vt 0.2917810082435608 0.3639349937438965
vt 0.29432299733161926 0.4252279996871948
vt 0.2917810082435608 0.4252279996871948
vt 0.29432299733161926 0.4252279996871948
vt 0.2917810082435608 0.3639349937438965
vt 0.29432299733161926 0.3639349937438965
vt 0.1059349998831749 0.06632697582244873
vt 0.16722799837589264 0.06324398517608643
vt 0.16722799837589264 0.06632697582244873
vt 0.16722799837589264 0.06324398517608643
vt 0.1059349998831749 0.06632697582244873
vt 0.1059349998831749 0.06324398517608643
vt 0.28857699036598206 0.3639349937438965
vt 0.2917810082435608 0.4252279996871948
vt 0.28857699036598206 0.4252279996871948
vt 0.2917810082435608 0.4252279996871948
vt 0.28857699036598206 0.3639349937438965
vt 0.2917810082435608 0.3639349937438965
vt 0.3438299894332886 0.4252279996871948
vt 0.3421109914779663 0.3639349937438965
vt 0.3438299894332886 0.3639349937438965
vt 0.3421109914779663 0.3639349937438965
vt 0.3438299894332886 0.4252279996871948
vt 0.3421109914779663 0.4252279996871948
vt 0.28502601385116577 0.3639349937438965
vt 0.28857699036598206 0.4252279996871948
vt 0.28502601385116577 0.4252279996871948
vt 0.28857699036598206 0.4252279996871948
vt 0.28502601385116577 0.3639349937438965
vt 0.28857699036598206 0.3639349937438965
vt 0.3421109914779663 0.4252279996871948
vt 0.33997198939323425 0.3639349937438965
vt 0.3421109914779663 0.3639349937438965
vt 0.33997198939323425 0.3639349937438965
vt 0.3421109914779663 0.4252279996871948
vt 0.33997198939323425 0.4252279996871948
vt 0.28502601385116577 0.3639349937438965
vt 0.28502601385116577 0.4252279996871948
vt 0.2620390057563782 0.3639349937438965
vt 0.2620390057563782 0.4252279996871948
vt 0.2620390057563782 0.3639349937438965
vt 0.28502601385116577 0.4252279996871948
vt 0.33997198939323425 0.4252279996871948
vt 0.31518998742103577 0.3639349937438965
vt 0.33997198939323425 0.3639349937438965
vt 0.31518998742103577 0.3639349937438965
vt 0.33997198939323425 0.4252279996871948
vt 0.31518998742103577 0.4252279996871948
vt 0.2584879994392395 0.3639349937438965
vt 0.2620390057563782 0.4252279996871948
vt 0.2584879994392395 0.4252279996871948
vt 0.2620390057563782 0.4252279996871948
vt 0.2584879994392395 0.3639349937438965
vt 0.2620390057563782 0.3639349937438965
vt 0.31518998742103577 0.4252279996871948
vt 0.3117009997367859 0.3639349937438965
vt 0.31518998742103577 0.3639349937438965
vt 0.3117009997367859 0.3639349937438965
vt 0.31518998742103577 0.4252279996871948
vt 0.3117009997367859 0.4252279996871948
vt 0.25528499484062195 0.3639349937438965
vt 0.2584879994392395 0.4252279996871948
vt 0.25528499484062195 0.4252279996871948
vt 0.2584879994392395 0.4252279996871948
vt 0.25528499484062195 0.3639349937438965
vt 0.2584879994392395 0.3639349937438965
vt 0.3117009997367859 0.4252279996871948
vt 0.3076010048389435 0.3639349937438965
vt 0.3117009997367859 0.3639349937438965
vt 0.3076010048389435 0.3639349937438965
vt 0.3117009997367859 0.4252279996871948
vt 0.3076010048389435 0.4252279996871948
vt 0.2527419924736023 0.4252279996871948
vt 0.2527419924736023 0.3639349937438965
vt 0.25528499484062195 0.4252279996871948
vt 0.25528499484062195 0.3639349937438965
vt 0.25528499484062195 0.4252279996871948
vt 0.2527419924736023 0.3639349937438965
vt 0.3076010048389435 0.4252279996871948
vt 0.30379098653793335 0.3639349937438965
vt 0.3076010048389435 0.3639349937438965
vt 0.30379098653793335 0.3639349937438965
vt 0.3076010048389435 0.4252279996871948
vt 0.30379098653793335 0.4252279996871948
vt 0.01624399982392788 0.5153080224990845
vt 0.07753700017929077 0.5153080224990845
vt 0.01624399982392788 0.5185120105743408
vt 0.07753700017929077 0.5185120105743408
vt 0.01624399982392788 0.5185120105743408
vt 0.07753700017929077 0.5153080224990845
vt 0.30379098653793335 0.3639349937438965
vt 0.30379098653793335 0.4252279996871948
vt 0.3011089861392975 0.3639349937438965
vt 0.3011089861392975 0.4252279996871948
vt 0.3011089861392975 0.3639349937438965
vt 0.30379098653793335 0.4252279996871948
vt 0.01624399982392788 0.5117570161819458
vt 0.07753700017929077 0.5117570161819458
vt 0.01624399982392788 0.5153080224990845
vt 0.07753700017929077 0.5153080224990845
vt 0.01624399982392788 0.5153080224990845
vt 0.07753700017929077 0.5117570161819458
vt 0.01624399982392788 0.04273802042007446
vt 0.07753700017929077 0.04273802042007446
vt 0.01624399982392788 0.04673802852630615
vt 0.07753700017929077 0.04673802852630615
vt 0.01624399982392788 0.04673802852630615
vt 0.07753700017929077 0.04273802042007446
vt 0.01624399982392788 0.5111960172653198
vt 0.07753700017929077 0.5117570161819458
vt 0.01624399982392788 0.5117570161819458
vt 0.07753700017929077 0.04673802852630615
vt 0.07753700017929077 0.5117570161819458
vt 0.01624399982392788 0.5111960172653198
vt 0.01624399982392788 0.5111960172653198
vt 0.01624399982392788 0.04673802852630615
vt 0.07753700017929077 0.04673802852630615
vt 0.007770000025629997 0.675894021987915
vt 0.007261999882757664 0.6734169721603394
vt 0.01105399988591671 0.6734169721603394
vt 0.007770000025629997 0.675894021987915
vt 0.01105399988591671 0.6734169721603394
vt 0.01118599995970726 0.675894021987915
vt 0.01118599995970726 0.675894021987915
vt 0.009158000349998474 0.6777070164680481
vt 0.007770000025629997 0.675894021987915
vt 0.009158000349998474 0.6777070164680481
vt 0.01118599995970726 0.675894021987915
vt 0.011547000147402287 0.6777070164680481
vt 0.0061240000650286674 0.6837040185928345
vt 0.005630999803543091 0.6865890026092529
vt 0.0037350000347942114 0.6846939921379089
vt 0.005630999803543091 0.6865890026092529
vt 0.0061240000650286674 0.6837040185928345
vt 0.006616000086069107 0.6861810088157654
vt 0.0061240000650286674 0.6837040185928345
vt 0.9904289841651917 0.6837040185928345
vt 0.006616000086069107 0.6861810088157654
vt 0.006616000086069107 0.6861810088157654
vt 0.9904289841651917 0.6837040185928345
vt 0.9899359941482544 0.6861810088157654
vt 0.01118599995970726 0.675894021987915
vt 0.9962130188941956 0.675894021987915
vt 0.011547000147402287 0.6777070164680481
vt 0.011547000147402287 0.6777070164680481
vt 0.9962130188941956 0.675894021987915
vt 0.995851993560791 0.6777070164680481
vt 0.01105399988591671 0.6734169721603394
vt 0.9962130188941956 0.675894021987915
vt 0.01118599995970726 0.675894021987915
vt 0.9962130188941956 0.675894021987915
vt 0.01105399988591671 0.6734169721603394
vt 0.9963439702987671 0.6734169721603394
vt 0.9904289841651917 0.6837040185928345
vt 0.9909219741821289 0.6865890026092529
vt 0.9899359941482544 0.6861810088157654
vt 0.9909219741821289 0.6865890026092529
vt 0.9904289841651917 0.6837040185928345
vt 0.9928179979324341 0.6846939921379089
vt 0.9962130188941956 0.675894021987915
vt 0.9982410073280334 0.6777070164680481
vt 0.995851993560791 0.6777070164680481
vt 0.9982410073280334 0.6777070164680481
vt 0.9962130188941956 0.675894021987915
vt 0.9996280074119568 0.675894021987915
vt 0.9963439702987671 0.6734169721603394
vt 0.9996280074119568 0.675894021987915
vt 0.9962130188941956 0.675894021987915
vt 0.9996280074119568 0.675894021987915
vt 0.9963439702987671 0.6734169721603394
vt 1.0001360177993774 0.6734169721603394
vt 0.006616000086069107 0.829505980014801
vt 0.9899359941482544 0.829505980014801
vt 0.0061240000650286674 0.8319829702377319
vt 0.0061240000650286674 0.8319829702377319
vt 0.9899359941482544 0.829505980014801
vt 0.9904289841651917 0.8319829702377319
vt 0.006878000218421221 0.546576976776123
vt 0.9911829829216003 0.546576976776123
vt 0.006517999805510044 0.5483899712562561
vt 0.006517999805510044 0.5483899712562561
vt 0.9911829829216003 0.546576976776123
vt 0.9915440082550049 0.5483899712562561
vt 0.006517999805510044 0.5483899712562561
vt 0.9915440082550049 0.5483899712562561
vt 0.006386000197380781 0.5508670210838318
vt 0.006386000197380781 0.5508670210838318
vt 0.9915440082550049 0.5483899712562561
vt 0.9916759729385376 0.5508670210838318
vt 0.9915440082550049 0.5483899712562561
vt 0.9949600100517273 0.5483899712562561
vt 0.9916759729385376 0.5508670210838318
vt 0.9916759729385376 0.5508670210838318
vt 0.9949600100517273 0.5483899712562561
vt 0.995468020439148 0.5508670210838318
vt 0.9911829829216003 0.546576976776123
vt 0.9935719966888428 0.546576976776123
vt 0.9915440082550049 0.5483899712562561
vt 0.9949600100517273 0.5483899712562561
vt 0.9915440082550049 0.5483899712562561
vt 0.9935719966888428 0.546576976776123
vt 0.9928179979324341 0.8309940099716187
vt 0.9904289841651917 0.8319829702377319
vt 0.9909219741821289 0.8290979862213135
vt 0.9904289841651917 0.8319829702377319
vt 0.9899359941482544 0.829505980014801
vt 0.9909219741821289 0.8290979862213135
vt 0.0061240000650286674 0.8319829702377319
vt 0.005630999803543091 0.8290979862213135
vt 0.006616000086069107 0.829505980014801
vt 0.005630999803543091 0.8290979862213135
vt 0.0061240000650286674 0.8319829702377319
vt 0.0037350000347942114 0.8309940099716187
vt 0.006517999805510044 0.5483899712562561
vt 0.004488999955356121 0.546576976776123
vt 0.006878000218421221 0.546576976776123
vt 0.004488999955356121 0.546576976776123
vt 0.006517999805510044 0.5483899712562561
vt 0.003102000104263425 0.5483899712562561
vt 0.003102000104263425 0.5483899712562561
vt 0.006386000197380781 0.5508670210838318
vt 0.0025939999613910913 0.5508670210838318
vt 0.006386000197380781 0.5508670210838318
vt 0.003102000104263425 0.5483899712562561
vt 0.006517999805510044 0.5483899712562561
vt 0.0037350000347942114 0.8309940099716187
vt 0.002744999947026372 0.8286049962043762
vt 0.005630999803543091 0.8290979862213135
vt 0.005630999803543091 0.8290979862213135
vt 0.002744999947026372 0.8286049962043762
vt 0.005222000181674957 0.828112006187439
vt 0.1888130009174347 0.20110398530960083
vt 0.1888130009174347 0.20451998710632324
vt 0.18700000643730164 0.20249199867248535
vt 0.18700000643730164 0.20249199867248535
vt 0.1888130009174347 0.20451998710632324
vt 0.18700000643730164 0.20488101243972778
vt 0.1912900060415268 0.20438802242279053
vt 0.1888130009174347 0.20451998710632324
vt 0.1888130009174347 0.20110398530960083
vt 0.1912900060415268 0.20438802242279053
vt 0.1888130009174347 0.20110398530960083
vt 0.1912900060415268 0.20059597492218018
vt 0.002744999947026372 0.6870819926261902
vt 0.005222000181674957 0.828112006187439
vt 0.002744999947026372 0.8286049962043762
vt 0.005222000181674957 0.828112006187439
vt 0.002744999947026372 0.6870819926261902
vt 0.005222000181674957 0.6875749826431274
vt 0.18700000643730164 0.34640395641326904
vt 0.18700000643730164 0.20488101243972778
vt 0.1888130009174347 0.3467639684677124
vt 0.1888130009174347 0.3467639684677124
vt 0.18700000643730164 0.20488101243972778
vt 0.1888130009174347 0.20451998710632324
vt 0.1888130009174347 0.3467639684677124
vt 0.1888130009174347 0.20451998710632324
vt 0.1912900060415268 0.3468959927558899
vt 0.1912900060415268 0.3468959927558899
vt 0.1888130009174347 0.20451998710632324
vt 0.1912900060415268 0.20438802242279053
vt 0.24527700245380402 0.36444300413131714
vt 0.24279999732971191 0.36772704124450684
vt 0.24279999732971191 0.3639349937438965
vt 0.24279999732971191 0.36772704124450684
vt 0.24527700245380402 0.36444300413131714
vt 0.24527700245380402 0.36785900592803955
vt 0.24527700245380402 0.36785900592803955
vt 0.24708999693393707 0.3658300042152405
vt 0.24708999693393707 0.3682190179824829
vt 0.24708999693393707 0.3658300042152405
vt 0.24527700245380402 0.36785900592803955
vt 0.24527700245380402 0.36444300413131714
vt 0.9938070178031921 0.8286049962043762
vt 0.9909219741821289 0.8290979862213135
vt 0.9913300275802612 0.828112006187439
vt 0.9909219741821289 0.8290979862213135
vt 0.9938070178031921 0.8286049962043762
vt 0.9928179979324341 0.8309940099716187
vt 0.005630999803543091 0.6865890026092529
vt 0.002744999947026372 0.6870819926261902
vt 0.0037350000347942114 0.6846939921379089
vt 0.002744999947026372 0.6870819926261902
vt 0.005630999803543091 0.6865890026092529
vt 0.005222000181674957 0.6875749826431274
vt 0.18700000643730164 0.3487919569015503
vt 0.1888130009174347 0.3467639684677124
vt 0.1888130009174347 0.3501800298690796
vt 0.1888130009174347 0.3467639684677124
vt 0.18700000643730164 0.3487919569015503
vt 0.18700000643730164 0.34640395641326904
vt 0.1888130009174347 0.3501800298690796
vt 0.1912900060415268 0.3468959927558899
vt 0.1912900060415268 0.35068798065185547
vt 0.1912900060415268 0.3468959927558899
vt 0.1888130009174347 0.3501800298690796
vt 0.1888130009174347 0.3467639684677124
vt 0.9938070178031921 0.6870819926261902
vt 0.9913300275802612 0.6875749826431274
vt 0.9909219741821289 0.6865890026092529
vt 0.9909219741821289 0.6865890026092529
vt 0.9928179979324341 0.6846939921379089
vt 0.9938070178031921 0.6870819926261902
vt 0.24708999693393707 0.509742021560669
vt 0.24708999693393707 0.5121309757232666
vt 0.24527700245380402 0.5101029872894287
vt 0.24708999693393707 0.5121309757232666
vt 0.24527700245380402 0.5135189890861511
vt 0.24527700245380402 0.5101029872894287
vt 0.24279999732971191 0.5102350115776062
vt 0.24527700245380402 0.5101029872894287
vt 0.24527700245380402 0.5135189890861511
vt 0.24279999732971191 0.5102350115776062
vt 0.24527700245380402 0.5135189890861511
vt 0.24279999732971191 0.5140269994735718
vt 0.9938070178031921 0.6870819926261902
vt 0.9938070178031921 0.8286049962043762
vt 0.9913300275802612 0.6875749826431274
vt 0.9913300275802612 0.828112006187439
vt 0.9913300275802612 0.6875749826431274
vt 0.9938070178031921 0.8286049962043762
vt 0.24708999693393707 0.3682190179824829
vt 0.24708999693393707 0.509742021560669
vt 0.24527700245380402 0.36785900592803955
vt 0.24527700245380402 0.36785900592803955
vt 0.24708999693393707 0.509742021560669
vt 0.24527700245380402 0.5101029872894287
vt 0.24527700245380402 0.36785900592803955
vt 0.24527700245380402 0.5101029872894287
vt 0.24279999732971191 0.36772704124450684
vt 0.24279999732971191 0.36772704124450684
vt 0.24527700245380402 0.5101029872894287
vt 0.24279999732971191 0.5102350115776062
vt 0.01105399988591671 0.6170780062675476
vt 0.9963449835777283 0.6170780062675476
vt 0.01105399988591671 0.6734169721603394
vt 0.01105399988591671 0.6734169721603394
vt 0.9963449835777283 0.6170780062675476
vt 0.9963439702987671 0.6734169721603394
vt 0.48756998777389526 0.8236860036849976
vt 0.006616000086069107 0.829505980014801
vt 0.022551000118255615 0.8236860036849976
vt 0.49371299147605896 0.8086400032043457
vt 0.9899359941482544 0.829505980014801
vt 0.49589499831199646 0.812129020690918
vt 0.9899359941482544 0.829505980014801
vt 0.006616000086069107 0.829505980014801
vt 0.48756998777389526 0.8236860036849976
vt 0.005222000181674957 0.828112006187439
vt 0.011060000397264957 0.8121939897537231
vt 0.011621999554336071 0.8157449960708618
vt 0.005222000181674957 0.828112006187439
vt 0.013255000114440918 0.8189489841461182
vt 0.006616000086069107 0.829505980014801
vt 0.005222000181674957 0.828112006187439
vt 0.006616000086069107 0.829505980014801
vt 0.005630999803543091 0.8290979862213135
vt 0.013255000114440918 0.8189489841461182
vt 0.005222000181674957 0.828112006187439
vt 0.011621999554336071 0.8157449960708618
vt 0.006616000086069107 0.829505980014801
vt 0.013255000114440918 0.8189489841461182
vt 0.015797000378370285 0.821491003036499
vt 0.006616000086069107 0.829505980014801
vt 0.015797000378370285 0.821491003036499
vt 0.01899999938905239 0.8231229782104492
vt 0.006616000086069107 0.829505980014801
vt 0.01899999938905239 0.8231229782104492
vt 0.022551000118255615 0.8236860036849976
vt 0.9899359941482544 0.829505980014801
vt 0.48756998777389526 0.8236860036849976
vt 0.49157100915908813 0.822721004486084
vt 0.9899359941482544 0.829505980014801
vt 0.49157100915908813 0.822721004486084
vt 0.49469199776649475 0.8200389742851257
vt 0.9899359941482544 0.829505980014801
vt 0.49469199776649475 0.8200389742851257
vt 0.49624699354171753 0.816228985786438
vt 0.9899359941482544 0.829505980014801
vt 0.49624699354171753 0.816228985786438
vt 0.49589499831199646 0.812129020690918
vt 0.468421995639801 0.7838580012321472
vt 0.9899359941482544 0.829505980014801
vt 0.49371299147605896 0.8086400032043457
vt 0.4658699929714203 0.7817190289497375
vt 0.9899359941482544 0.829505980014801
vt 0.468421995639801 0.7838580012321472
vt 0.9899359941482544 0.6861810088157654
vt 0.4599359929561615 0.7787410020828247
vt 0.4566960036754608 0.777974009513855
vt 0.006616000086069107 0.6861810088157654
vt 0.005222000181674957 0.6875749826431274
vt 0.005630999803543091 0.6865890026092529
vt 0.9899359941482544 0.6861810088157654
vt 0.9899359941482544 0.829505980014801
vt 0.4658699929714203 0.7817190289497375
vt 0.9899359941482544 0.6861810088157654
vt 0.4566960036754608 0.777974009513855
vt 0.45337599515914917 0.7777159810066223
vt 0.9899359941482544 0.829505980014801
vt 0.9913300275802612 0.828112006187439
vt 0.9909219741821289 0.8290979862213135
vt 0.9899359941482544 0.829505980014801
vt 0.9899359941482544 0.6861810088157654
vt 0.9913300275802612 0.6875749826431274
vt 0.9899359941482544 0.6861810088157654
vt 0.4630190134048462 0.7799990177154541
vt 0.4599359929561615 0.7787410020828247
vt 0.9899359941482544 0.6861810088157654
vt 0.4658699929714203 0.7817190289497375
vt 0.4630190134048462 0.7799990177154541
vt 0.013255000114440918 0.7824530005455017
vt 0.005222000181674957 0.6875749826431274
vt 0.015797000378370285 0.7799109816551208
vt 0.022551000118255615 0.7777159810066223
vt 0.006616000086069107 0.6861810088157654
vt 0.45337599515914917 0.7777159810066223
vt 0.005222000181674957 0.6875749826431274
vt 0.022551000118255615 0.7777159810066223
vt 0.01899999938905239 0.7782779932022095
vt 0.005222000181674957 0.6875749826431274
vt 0.01899999938905239 0.7782779932022095
vt 0.015797000378370285 0.7799109816551208
vt 0.011621999554336071 0.7856559753417969
vt 0.005222000181674957 0.6875749826431274
vt 0.013255000114440918 0.7824530005455017
vt 0.011060000397264957 0.7892069816589355
vt 0.005222000181674957 0.6875749826431274
vt 0.011621999554336071 0.7856559753417969
vt 0.005222000181674957 0.828112006187439
vt 0.005222000181674957 0.6875749826431274
vt 0.011060000397264957 0.7892069816589355
vt 0.005222000181674957 0.828112006187439
vt 0.011060000397264957 0.7892069816589355
vt 0.011060000397264957 0.8121939897537231
vt 0.005222000181674957 0.6875749826431274
vt 0.006616000086069107 0.6861810088157654
vt 0.022551000118255615 0.7777159810066223
vt 0.006616000086069107 0.6861810088157654
vt 0.9899359941482544 0.6861810088157654
vt 0.45337599515914917 0.7777159810066223
vt 0.9913300275802612 0.6875749826431274
vt 0.9899359941482544 0.6861810088157654
vt 0.9909219741821289 0.6865890026092529
vt 0.9913300275802612 0.828112006187439
vt 0.9899359941482544 0.829505980014801
vt 0.9913300275802612 0.6875749826431274
vt 0.01105399988591671 0.6170780062675476
vt 0.01105399988591671 0.6734169721603394
vt 0.007261999882757664 0.6170780062675476
vt 0.007261999882757664 0.6734169721603394
vt 0.007261999882757664 0.6170780062675476
vt 0.01105399988591671 0.6734169721603394
vt 1.0001369714736938 0.6170780062675476
vt 1.0001360177993774 0.6734169721603394
vt 0.9963449835777283 0.6170780062675476
vt 0.9963439702987671 0.6734169721603394
vt 0.9963449835777283 0.6170780062675476
vt 1.0001360177993774 0.6734169721603394
vt 0.24279999732971191 0.3639349937438965
vt 0.18646100163459778 0.36772704124450684
vt 0.18646100163459778 0.3639349937438965
vt 0.18646100163459778 0.36772704124450684
vt 0.24279999732971191 0.3639349937438965
vt 0.24279999732971191 0.36772704124450684
vt 0.9916759729385376 0.5508670210838318
vt 0.995468020439148 0.6072070002555847
vt 0.9916759729385376 0.6072070002555847
vt 0.995468020439148 0.6072070002555847
vt 0.9916759729385376 0.5508670210838318
vt 0.995468020439148 0.5508670210838318
vt 0.006386000197380781 0.5508670210838318
vt 0.9916759729385376 0.5508670210838318
vt 0.006384999956935644 0.6072070002555847
vt 0.006384999956935644 0.6072070002555847
vt 0.9916759729385376 0.5508670210838318
vt 0.9916759729385376 0.6072070002555847
vt 0.0025939999613910913 0.5508670210838318
vt 0.006384999956935644 0.6072070002555847
vt 0.0025939999613910913 0.6072070002555847
vt 0.006384999956935644 0.6072070002555847
vt 0.0025939999613910913 0.5508670210838318
vt 0.006386000197380781 0.5508670210838318
vt 0.1912900060415268 0.20438802242279053
vt 0.24763000011444092 0.20059597492218018
vt 0.24763000011444092 0.20438802242279053
vt 0.24763000011444092 0.20059597492218018
vt 0.1912900060415268 0.20438802242279053
vt 0.1912900060415268 0.20059597492218018
vt 0.1912900060415268 0.3468959927558899
vt 0.1912900060415268 0.20438802242279053
vt 0.24763000011444092 0.3468959927558899
vt 0.24763000011444092 0.3468959927558899
vt 0.1912900060415268 0.20438802242279053
vt 0.24763000011444092 0.20438802242279053
vt 0.1912900060415268 0.35068798065185547
vt 0.24763000011444092 0.3468959927558899
vt 0.24763000011444092 0.35068798065185547
vt 0.24763000011444092 0.3468959927558899
vt 0.1912900060415268 0.35068798065185547
vt 0.1912900060415268 0.3468959927558899
vt 0.24279999732971191 0.5102350115776062
vt 0.18646100163459778 0.5140269994735718
vt 0.18646100163459778 0.5102350115776062
vt 0.18646100163459778 0.5140269994735718
vt 0.24279999732971191 0.5102350115776062
vt 0.24279999732971191 0.5140269994735718
vt 0.24279999732971191 0.36772704124450684
vt 0.24279999732971191 0.5102350115776062
vt 0.18646100163459778 0.36772704124450684
vt 0.18646100163459778 0.36772704124450684
vt 0.24279999732971191 0.5102350115776062
vt 0.18646100163459778 0.5102350115776062
vn -0.25846285723071355 -0.003860997918654285 0.9660134803030485
vn -0.08860900236131344 0.0049890000277824946 0.9960539917992676
vn -0.2584630946004656 0.003861001628276869 0.966013416778451
vn -0.08860900236131344 0.0049890000277824946 0.9960539917992676
vn -0.25846285723071355 -0.003860997918654285 0.9660134803030485
vn -0.08860900236131344 -0.0049890000277824946 0.9960539917992676
vn -0.8660464540956192 0.004103997560252082 0.49994669371086936
vn -0.866046893878345 -0.004103999529757572 0.49994593186816777
vn -0.7070974194015603 0.004066002602607454 0.7071044527497259
vn -0.7070974194015603 0.004066002602607454 0.7071044527497259
vn -0.866046893878345 -0.004103999529757572 0.49994593186816777
vn -0.7070974194015603 -0.004066002602607454 0.7071044527497259
vn -0.9996260476665775 0.005324000213627347 0.026822003061337477
vn -0.9996260476665775 -0.005324000213627347 0.026822003061337477
vn -0.8660464540956192 0.004103997560252082 0.49994669371086936
vn -0.866046893878345 -0.004103999529757572 0.49994593186816777
vn -0.8660464540956192 0.004103997560252082 0.49994669371086936
vn -0.9996260476665775 -0.005324000213627347 0.026822003061337477
vn 0 0.9659260990297179 0.258818027218414
vn -0.08718104787688682 0.9958855058988987 0.024729011941089035
vn -0.06717300910172855 0.9655171869582316 0.25152405160636665
vn -0.08718104787688682 0.9958855058988987 0.024729011941089035
vn 0 0.9659260990297179 0.258818027218414
vn 0 0.9996368638032523 0.026946994741489438
vn -0.06963502321544583 0.7053723037309447 0.7054083049348683
vn 0 0.7070832667658011 0.7071302948253616
vn -0.06963199830740346 0.7053719463821949 0.7054089608650516
vn 0 0.7070832667658011 0.7071302948253616
vn -0.06963199830740346 0.7053719463821949 0.7054089608650516
vn 0 0.7070832667658011 0.7071302948253616
vn -0.08860900236131344 0.0049890000277824946 0.9960539917992676
vn 0 0.005463000271484965 0.9999850777026794
vn -0.06717002273529059 0.25155108724118597 0.9655103513445715
vn 0 0.25886113809716027 0.9659145465221253
vn -0.06717002273529059 0.25155108724118597 0.9655103513445715
vn 0 0.005463000271484965 0.9999850777026794
vn -0.8660153752435019 0.499595190808368 0.02054300764267016
vn -0.8660149318617149 0.4995959597494931 -0.02054299867430357
vn -0.9996260476665775 0.005324000213627347 0.026822003061337477
vn -0.9996260476665775 0.005324000213627347 0.026822003061337477
vn -0.8660149318617149 0.4995959597494931 -0.02054299867430357
vn -0.9996260476665775 0.005324000213627347 -0.026822003061337477
vn -0.7069838609165141 0.7069379057394871 -0.020312996633859916
vn -0.8660153752435019 0.499595190808368 0.02054300764267016
vn -0.7069833540680125 0.7069384121679754 0.02031301238529175
vn -0.8660153752435019 0.499595190808368 0.02054300764267016
vn -0.7069838609165141 0.7069379057394871 -0.020312996633859916
vn -0.8660149318617149 0.4995959597494931 -0.02054299867430357
vn -0.08718104787688682 0.9958855058988987 0.024729011941089035
vn -0.08718104787688682 0.9958855058988987 -0.024729011941089035
vn -0.2568359979886266 0.9662610325691603 0.01936200081515554
vn -0.2568359979886266 0.9662610325691603 0.01936200081515554
vn -0.08718104787688682 0.9958855058988987 -0.024729011941089035
vn -0.2568369479409509 0.9662607801478516 -0.01936199680927763
vn -0.8660464540956192 0.004103997560252082 -0.49994669371086936
vn -0.8660464540956192 -0.004103997560252082 -0.49994669371086936
vn -0.9996260476665775 0.005324000213627347 -0.026822003061337477
vn -0.9996260476665775 -0.005324000213627347 -0.026822003061337477
vn -0.9996260476665775 0.005324000213627347 -0.026822003061337477
vn -0.8660464540956192 -0.004103997560252082 -0.49994669371086936
vn -0.8660464540956192 -0.004103997560252082 -0.49994669371086936
vn -0.8660464540956192 0.004103997560252082 -0.49994669371086936
vn -0.7070974194015603 -0.004066002602607454 -0.7071044527497259
vn -0.7070974194015603 -0.004066002602607454 -0.7071044527497259
vn -0.8660464540956192 0.004103997560252082 -0.49994669371086936
vn -0.7070974194015603 0.004066002602607454 -0.7071044527497259
vn -0.2584630946004656 -0.003861001628276869 -0.966013416778451
vn -0.2584630946004656 0.003861001628276869 -0.966013416778451
vn -0.08860900280344575 -0.004987999812227889 -0.9960539967692777
vn -0.08860900280344575 -0.004987999812227889 -0.9960539967692777
vn -0.2584630946004656 0.003861001628276869 -0.966013416778451
vn -0.08860900236131344 0.0049890000277824946 -0.9960539917992676
vn -0.06716902804430563 0.25155110294796706 -0.9655104164519638
vn 0 0.25886113809716027 -0.9659145465221253
vn -0.08860900236131344 0.0049890000277824946 -0.9960539917992676
vn 0 0.005463000271484965 -0.9999850777026794
vn -0.08860900236131344 0.0049890000277824946 -0.9960539917992676
vn 0 0.25886113809716027 -0.9659145465221253
vn -0.06961900757218384 0.7053730941602956 -0.7054090953619716
vn 0 0.7070832667658011 -0.7071302948253616
vn -0.0696209973834528 0.7053729959640052 -0.7054089971697958
vn 0 0.7070832667658011 -0.7071302948253616
vn -0.0696209973834528 0.7053729959640052 -0.7054089971697958
vn 0 0.7070832667658011 -0.7071302948253616
vn 0 0.9996368638032523 -0.026946994741489438
vn -0.0671750050823594 0.9655170566112595 -0.2515240189025992
vn -0.08718104787688682 0.9958855058988987 -0.024729011941089035
vn -0.0671750050823594 0.9655170566112595 -0.2515240189025992
vn 0 0.9996368638032523 -0.026946994741489438
vn 0 0.9659260990297179 -0.258818027218414
vn -0.06717000775319366 -0.251552010810058 0.9655101117626125
vn 0 -0.2588620596747925 0.9659142995426273
vn -0.08860900236131344 -0.0049890000277824946 0.9960539917992676
vn 0 -0.005463000271484965 0.9999850777026794
vn -0.08860900236131344 -0.0049890000277824946 0.9960539917992676
vn 0 -0.2588620596747925 0.9659142995426273
vn -0.06963199830740346 -0.7053719463821949 0.7054089608650516
vn 0 -0.7070827601083353 0.7071308014487692
vn -0.06963498165521531 -0.7053717991289191 0.705408813613432
vn 0 -0.7070827601083353 0.7071308014487692
vn -0.06963498165521531 -0.7053717991289191 0.705408813613432
vn 0 -0.7070827601083353 0.7071308014487692
vn -0.08718104706915407 -0.9958855307719189 0.024728013083533437
vn 0 -0.9996368638032523 0.026946994741489438
vn -0.06717302458550455 -0.9655174337510752 0.2515231001136343
vn 0 -0.9659260990297179 0.258818027218414
vn -0.06717302458550455 -0.9655174337510752 0.2515231001136343
vn 0 -0.9996368638032523 0.026946994741489438
vn -0.2568359979886266 -0.9662610325691603 0.01936200081515554
vn -0.2568369479409509 -0.9662607801478516 -0.01936199680927763
vn -0.08718104706915407 -0.9958855307719189 0.024728013083533437
vn -0.08718104706915407 -0.9958855307719189 0.024728013083533437
vn -0.2568369479409509 -0.9662607801478516 -0.01936199680927763
vn -0.08718104706915407 -0.9958855307719189 -0.024728013083533437
vn -0.8660153752435019 -0.499595190808368 -0.02054300764267016
vn -0.7069833540680125 -0.7069384121679754 0.02031301238529175
vn -0.8660153752435019 -0.499595190808368 0.02054300764267016
vn -0.7069833540680125 -0.7069384121679754 0.02031301238529175
vn -0.8660153752435019 -0.499595190808368 -0.02054300764267016
vn -0.7069838609165141 -0.7069379057394871 -0.020312996633859916
vn -0.9996260476665775 -0.005324000213627347 0.026822003061337477
vn -0.9996260476665775 -0.005324000213627347 -0.026822003061337477
vn -0.8660153752435019 -0.499595190808368 0.02054300764267016
vn -0.8660153752435019 -0.499595190808368 0.02054300764267016
vn -0.9996260476665775 -0.005324000213627347 -0.026822003061337477
vn -0.8660153752435019 -0.499595190808368 -0.02054300764267016
vn -0.0671750205661505 -0.9655173034040702 -0.25152306740987
vn 0 -0.9659260990297179 -0.258818027218414
vn -0.08718104706915407 -0.9958855307719189 -0.024728013083533437
vn 0 -0.9996368638032523 -0.026946994741489438
vn -0.08718104706915407 -0.9958855307719189 -0.024728013083533437
vn 0 -0.9659260990297179 -0.258818027218414
vn -0.0696209973834528 -0.7053729959640052 -0.7054089971697958
vn 0 -0.7070827601083353 -0.7071308014487692
vn -0.06961896601118643 -0.7053725895578653 -0.7054096040400674
vn 0 -0.7070827601083353 -0.7071308014487692
vn -0.06961896601118643 -0.7053725895578653 -0.7054096040400674
vn 0 -0.7070827601083353 -0.7071308014487692
vn -0.08860900280344575 -0.004987999812227889 -0.9960539967692777
vn 0 -0.005463000271484965 -0.9999850777026794
vn -0.06717000775319366 -0.251552010810058 -0.9655101117626125
vn 0 -0.2588620596747925 -0.9659142995426273
vn -0.06717000775319366 -0.251552010810058 -0.9655101117626125
vn 0 -0.005463000271484965 -0.9999850777026794
vn 0 0.9996368638032523 0.026946994741489438
vn 0 0.9996368638032523 -0.026946994741489438
vn -0.08718104787688682 0.9958855058988987 0.024729011941089035
vn -0.08718104787688682 0.9958855058988987 0.024729011941089035
vn 0 0.9996368638032523 -0.026946994741489438
vn -0.08718104787688682 0.9958855058988987 -0.024729011941089035
vn -0.9996260476665775 0.005324000213627347 -0.026822003061337477
vn -0.9996260476665775 -0.005324000213627347 -0.026822003061337477
vn -0.9996260476665775 0.005324000213627347 0.026822003061337477
vn -0.9996260476665775 -0.005324000213627347 0.026822003061337477
vn -0.9996260476665775 0.005324000213627347 0.026822003061337477
vn -0.9996260476665775 -0.005324000213627347 -0.026822003061337477
vn 0 -0.9996368638032523 -0.026946994741489438
vn 0 -0.9996368638032523 0.026946994741489438
vn -0.08718104706915407 -0.9958855307719189 0.024728013083533437
vn -0.08718104706915407 -0.9958855307719189 0.024728013083533437
vn -0.08718104706915407 -0.9958855307719189 -0.024728013083533437
vn 0 -0.9996368638032523 -0.026946994741489438
vn -0.08860900280344575 -0.004987999812227889 -0.9960539967692777
vn -0.08860900236131344 0.0049890000277824946 -0.9960539917992676
vn 0 -0.005463000271484965 -0.9999850777026794
vn 0 -0.005463000271484965 -0.9999850777026794
vn -0.08860900236131344 0.0049890000277824946 -0.9960539917992676
vn 0 0.005463000271484965 -0.9999850777026794
vn -0.08860900236131344 0.0049890000277824946 0.9960539917992676
vn -0.08860900236131344 -0.0049890000277824946 0.9960539917992676
vn 0 0.005463000271484965 0.9999850777026794
vn 0 0.005463000271484965 0.9999850777026794
vn -0.08860900236131344 -0.0049890000277824946 0.9960539917992676
vn 0 -0.005463000271484965 0.9999850777026794
vn -0.9461074342364314 0.2289981065733013 0.22899910495108766
vn -0.9996260476665775 0.005324000213627347 0.026822003061337477
vn -0.8660464540956192 0.004103997560252082 0.49994669371086936
vn -0.9996260476665775 0.005324000213627347 0.026822003061337477
vn -0.9461074342364314 0.2289981065733013 0.22899910495108766
vn -0.8660153752435019 0.499595190808368 0.02054300764267016
vn -0.4994840645731245 0.49946505069135066 0.7078490887013964
vn -0.7078516424824147 0.4994667429189203 0.49947875325474334
vn -0.7070974194015603 0.004066002602607454 0.7071044527497259
vn -0.7078516424824147 0.4994667429189203 0.49947875325474334
vn -0.8660464540956192 0.004103997560252082 0.49994669371086936
vn -0.7070974194015603 0.004066002602607454 0.7071044527497259
vn -0.22900612878339513 0.2289991252380206 0.9461054875751775
vn -0.08860900236131344 0.0049890000277824946 0.9960539917992676
vn -0.06717002273529059 0.25155108724118597 0.9655103513445715
vn -0.08860900236131344 0.0049890000277824946 0.9960539917992676
vn -0.22900612878339513 0.2289991252380206 0.9461054875751775
vn -0.2584630946004656 0.003861001628276869 0.966013416778451
vn -0.4994878533144914 0.7078387999195596 0.4994758429791361
vn -0.06963502321544583 0.7053723037309447 0.7054083049348683
vn -0.06963199830740346 0.7053719463821949 0.7054089608650516
vn -0.06963502321544583 0.7053723037309447 0.7054083049348683
vn -0.4994878533144914 0.7078387999195596 0.4994758429791361
vn -0.4994840645731245 0.49946505069135066 0.7078490887013964
vn -0.08718104787688682 0.9958855058988987 0.024729011941089035
vn -0.22901004218164867 0.9461011728773013 0.22901303731481
vn -0.06717300910172855 0.9655171869582316 0.25152405160636665
vn -0.22901004218164867 0.9461011728773013 0.22901303731481
vn -0.08718104787688682 0.9958855058988987 0.024729011941089035
vn -0.2568359979886266 0.9662610325691603 0.01936200081515554
vn -0.7078516424824147 0.4994667429189203 0.49947875325474334
vn -0.4994878533144914 0.7078387999195596 0.4994758429791361
vn -0.8660153752435019 0.499595190808368 0.02054300764267016
vn -0.4994878533144914 0.7078387999195596 0.4994758429791361
vn -0.7069833540680125 0.7069384121679754 0.02031301238529175
vn -0.8660153752435019 0.499595190808368 0.02054300764267016
vn -0.7078516424824147 0.4994667429189203 0.49947875325474334
vn -0.4994840645731245 0.49946505069135066 0.7078490887013964
vn -0.4994878533144914 0.7078387999195596 0.4994758429791361
vn -0.08860900236131344 0.0049890000277824946 -0.9960539917992676
vn -0.2290009528841844 0.2289989561284801 -0.9461067813255553
vn -0.06716902804430563 0.25155110294796706 -0.9655104164519638
vn -0.2290009528841844 0.2289989561284801 -0.9461067813255553
vn -0.08860900236131344 0.0049890000277824946 -0.9960539917992676
vn -0.2584630946004656 0.003861001628276869 -0.966013416778451
vn -0.7078520000470518 0.49946698129288275 -0.49947800815207416
vn -0.7070974194015603 0.004066002602607454 -0.7071044527497259
vn -0.8660464540956192 0.004103997560252082 -0.49994669371086936
vn -0.7070974194015603 0.004066002602607454 -0.7071044527497259
vn -0.7078520000470518 0.49946698129288275 -0.49947800815207416
vn -0.49946834045840094 0.4994703372139373 -0.7078564537553688
vn -0.9996260476665775 0.005324000213627347 -0.026822003061337477
vn -0.9461050596336381 0.22900301184877161 -0.22900401022650524
vn -0.8660464540956192 0.004103997560252082 -0.49994669371086936
vn -0.9461050596336381 0.22900301184877161 -0.22900401022650524
vn -0.9996260476665775 0.005324000213627347 -0.026822003061337477
vn -0.8660149318617149 0.4995959597494931 -0.02054299867430357
vn -0.4994728879207601 0.7078458093385068 -0.4994808749431856
vn -0.8660149318617149 0.4995959597494931 -0.02054299867430357
vn -0.7069838609165141 0.7069379057394871 -0.020312996633859916
vn -0.8660149318617149 0.4995959597494931 -0.02054299867430357
vn -0.4994728879207601 0.7078458093385068 -0.4994808749431856
vn -0.7078520000470518 0.49946698129288275 -0.49947800815207416
vn -0.08718104787688682 0.9958855058988987 -0.024729011941089035
vn -0.2290150441697597 0.9461002013212143 -0.22901204903646633
vn -0.2568369479409509 0.9662607801478516 -0.01936199680927763
vn -0.2290150441697597 0.9461002013212143 -0.22901204903646633
vn -0.08718104787688682 0.9958855058988987 -0.024729011941089035
vn -0.0671750050823594 0.9655170566112595 -0.2515240189025992
vn -0.0696209973834528 0.7053729959640052 -0.7054089971697958
vn -0.49946834045840094 0.4994703372139373 -0.7078564537553688
vn -0.4994728879207601 0.7078458093385068 -0.4994808749431856
vn -0.0696209973834528 0.7053729959640052 -0.7054089971697958
vn -0.4994728879207601 0.7078458093385068 -0.4994808749431856
vn -0.06961900757218384 0.7053730941602956 -0.7054090953619716
vn -0.49946834045840094 0.4994703372139373 -0.7078564537553688
vn -0.7078520000470518 0.49946698129288275 -0.49947800815207416
vn -0.4994728879207601 0.7078458093385068 -0.4994808749431856
vn -0.22900993645978585 -0.9461017073906376 0.22901093483763005
vn -0.08718104706915407 -0.9958855307719189 0.024728013083533437
vn -0.06717302458550455 -0.9655174337510752 0.2515231001136343
vn -0.08718104706915407 -0.9958855307719189 0.024728013083533437
vn -0.22900993645978585 -0.9461017073906376 0.22901093483763005
vn -0.2568359979886266 -0.9662610325691603 0.01936200081515554
vn -0.06963498165521531 -0.7053717991289191 0.705408813613432
vn -0.4994840645731245 -0.49946505069135066 0.7078490887013964
vn -0.4994880916871398 -0.7078391574823376 0.4994750978751933
vn -0.06963498165521531 -0.7053717991289191 0.705408813613432
vn -0.4994880916871398 -0.7078391574823376 0.4994750978751933
vn -0.06963199830740346 -0.7053719463821949 0.7054089608650516
vn -0.08860900236131344 -0.0049890000277824946 0.9960539917992676
vn -0.2290049444388815 -0.2289989541725993 0.9461058156519284
vn -0.06717000775319366 -0.251552010810058 0.9655101117626125
vn -0.2290049444388815 -0.2289989541725993 0.9461058156519284
vn -0.08860900236131344 -0.0049890000277824946 0.9960539917992676
vn -0.25846285723071355 -0.003860997918654285 0.9660134803030485
vn -0.7078520000470518 -0.49946698129288275 0.49947800815207416
vn -0.7070974194015603 -0.004066002602607454 0.7071044527497259
vn -0.866046893878345 -0.004103999529757572 0.49994593186816777
vn -0.7070974194015603 -0.004066002602607454 0.7071044527497259
vn -0.7078520000470518 -0.49946698129288275 0.49947800815207416
vn -0.4994840645731245 -0.49946505069135066 0.7078490887013964
vn -0.9996260476665775 -0.005324000213627347 0.026822003061337477
vn -0.9461077528247174 -0.22899794763814307 0.22899794763814307
vn -0.866046893878345 -0.004103999529757572 0.49994593186816777
vn -0.9461077528247174 -0.22899794763814307 0.22899794763814307
vn -0.9996260476665775 -0.005324000213627347 0.026822003061337477
vn -0.8660153752435019 -0.499595190808368 0.02054300764267016
vn -0.8660153752435019 -0.499595190808368 0.02054300764267016
vn -0.4994880916871398 -0.7078391574823376 0.4994750978751933
vn -0.7078520000470518 -0.49946698129288275 0.49947800815207416
vn -0.4994880916871398 -0.7078391574823376 0.4994750978751933
vn -0.8660153752435019 -0.499595190808368 0.02054300764267016
vn -0.7069833540680125 -0.7069384121679754 0.02031301238529175
vn -0.4994880916871398 -0.7078391574823376 0.4994750978751933
vn -0.4994840645731245 -0.49946505069135066 0.7078490887013964
vn -0.7078520000470518 -0.49946698129288275 0.49947800815207416
vn -0.2290049444388815 -0.2289989541725993 -0.9461058156519284
vn -0.08860900280344575 -0.004987999812227889 -0.9960539967692777
vn -0.06717000775319366 -0.251552010810058 -0.9655101117626125
vn -0.08860900280344575 -0.004987999812227889 -0.9960539967692777
vn -0.2290049444388815 -0.2289989541725993 -0.9461058156519284
vn -0.2584630946004656 -0.003861001628276869 -0.966013416778451
vn -0.4994721292395541 -0.7078461650289494 -0.49948112954016144
vn -0.0696209973834528 -0.7053729959640052 -0.7054089971697958
vn -0.06961896601118643 -0.7053725895578653 -0.7054096040400674
vn -0.0696209973834528 -0.7053729959640052 -0.7054089971697958
vn -0.4994721292395541 -0.7078461650289494 -0.49948112954016144
vn -0.49946834045840094 -0.4994703372139373 -0.7078564537553688
vn -0.08718104706915407 -0.9958855307719189 -0.024728013083533437
vn -0.22901488523954805 -0.9461005199282357 -0.22901089172840328
vn -0.0671750205661505 -0.9655173034040702 -0.25152306740987
vn -0.22901488523954805 -0.9461005199282357 -0.22901089172840328
vn -0.08718104706915407 -0.9958855307719189 -0.024728013083533437
vn -0.2568369479409509 -0.9662607801478516 -0.01936199680927763
vn -0.8660153752435019 -0.499595190808368 -0.02054300764267016
vn -0.4994721292395541 -0.7078461650289494 -0.49948112954016144
vn -0.7069838609165141 -0.7069379057394871 -0.020312996633859916
vn -0.4994721292395541 -0.7078461650289494 -0.49948112954016144
vn -0.8660153752435019 -0.499595190808368 -0.02054300764267016
vn -0.7078516424824147 -0.4994667429189203 -0.49947875325474334
vn -0.9996260476665775 -0.005324000213627347 -0.026822003061337477
vn -0.9461060311469061 -0.22900200336179904 -0.22900100498410955
vn -0.8660153752435019 -0.499595190808368 -0.02054300764267016
vn -0.9461060311469061 -0.22900200336179904 -0.22900100498410955
vn -0.9996260476665775 -0.005324000213627347 -0.026822003061337477
vn -0.8660464540956192 -0.004103997560252082 -0.49994669371086936
vn -0.49946834045840094 -0.4994703372139373 -0.7078564537553688
vn -0.7078516424824147 -0.4994667429189203 -0.49947875325474334
vn -0.7070974194015603 -0.004066002602607454 -0.7071044527497259
vn -0.7078516424824147 -0.4994667429189203 -0.49947875325474334
vn -0.8660464540956192 -0.004103997560252082 -0.49994669371086936
vn -0.7070974194015603 -0.004066002602607454 -0.7071044527497259
vn -0.49946834045840094 -0.4994703372139373 -0.7078564537553688
vn -0.4994721292395541 -0.7078461650289494 -0.49948112954016144
vn -0.7078516424824147 -0.4994667429189203 -0.49947875325474334
vn -0.49996928721697426 0.003872002115193511 0.8660344793594367
vn -0.49996928721697426 -0.003872002115193511 0.8660344793594367
vn -0.08285296162548496 0.004736997766723556 0.9965505243599263
vn -0.08285296162548496 0.004736997766723556 0.9965505243599263
vn -0.49996928721697426 -0.003872002115193511 0.8660344793594367
vn -0.08285296162548496 -0.004736997766723556 0.9965505243599263
vn -0.8660409940820992 0.0038719998665437184 0.49995800242252636
vn -0.8660409940820992 -0.0038719998665437184 0.49995800242252636
vn -0.49996928721697426 0.003872002115193511 0.8660344793594367
vn -0.49996928721697426 0.003872002115193511 0.8660344793594367
vn -0.8660409940820992 -0.0038719998665437184 0.49995800242252636
vn -0.49996928721697426 -0.003872002115193511 0.8660344793594367
vn -0.9999824358307983 0.005140002143575792 0.002951001163548086
vn -0.9999824358307983 -0.005140002143575792 0.002951001163548086
vn -0.8660409940820992 0.0038719998665437184 0.49995800242252636
vn -0.8660409940820992 -0.0038719998665437184 0.49995800242252636
vn -0.8660409940820992 0.0038719998665437184 0.49995800242252636
vn -0.9999824358307983 -0.005140002143575792 0.002951001163548086
vn 0 0.8660288987170418 0.49999394655030344
vn -0.08297598658982527 0.9965478239780599 0.0027239996400345006
vn -0.06598298171033583 0.8646948231936286 0.4979448853706129
vn -0.08297598658982527 0.9965478239780599 0.0027239996400345006
vn 0 0.8660288987170418 0.49999394655030344
vn 0 0.9999956043817045 0.00296499869636576
vn 0 0.7071207881395732 0.707092773956055
vn -0.06598298171033583 0.8646948231936286 0.4979448853706129
vn -0.06486198048099318 0.705629797526069 0.7056057768551799
vn -0.06598298171033583 0.8646948231936286 0.4979448853706129
vn 0 0.7071207881395732 0.707092773956055
vn 0 0.8660288987170418 0.49999394655030344
vn -0.08285296162548496 0.004736997766723556 0.9965505243599263
vn 0 0.005153998476372535 0.9999867180616479
vn -0.06250099081598956 0.252083956746661 0.96568488902849
vn 0 0.25883512028254413 0.9659215188141947
vn -0.06250099081598956 0.252083956746661 0.96568488902849
vn 0 0.005153998476372535 0.9999867180616479
vn -0.9659752459445096 0.2586260770997504 -0.002092000582778615
vn -0.9999824358307983 0.005140002143575792 0.002951001163548086
vn -0.9659752459445096 0.2586260770997504 0.002092000582778615
vn -0.9999824358307983 0.005140002143575792 0.002951001163548086
vn -0.9659752459445096 0.2586260770997504 -0.002092000582778615
vn -0.9999824358307983 0.005140002143575792 -0.002951001163548086
vn -0.49997188164393075 0.8660387816903009 -0.002223999506914365
vn -0.7070920682661814 0.7071180558920948 0.0022050003261168236
vn -0.49997188164393075 0.8660387816903009 0.002223999506914365
vn -0.7070920682661814 0.7071180558920948 0.0022050003261168236
vn -0.49997188164393075 0.8660387816903009 -0.002223999506914365
vn -0.7070920682661814 0.7071180558920948 -0.0022050003261168236
vn -0.08297598658982527 0.9965478239780599 -0.0027239996400345006
vn -0.49997188164393075 0.8660387816903009 0.002223999506914365
vn -0.08297598658982527 0.9965478239780599 0.0027239996400345006
vn -0.49997188164393075 0.8660387816903009 0.002223999506914365
vn -0.08297598658982527 0.9965478239780599 -0.0027239996400345006
vn -0.49997188164393075 0.8660387816903009 -0.002223999506914365
vn -0.8660479375305905 0.0038719997310989085 -0.49994597459834883
vn -0.8660479375305905 -0.0038719997310989085 -0.49994597459834883
vn -0.9999824358307983 0.005140002143575792 -0.002951001163548086
vn -0.9999824358307983 -0.005140002143575792 -0.002951001163548086
vn -0.9999824358307983 0.005140002143575792 -0.002951001163548086
vn -0.8660479375305905 -0.0038719997310989085 -0.49994597459834883
vn -0.8660479375305905 -0.0038719997310989085 -0.49994597459834883
vn -0.8660479375305905 0.0038719997310989085 -0.49994597459834883
vn -0.49992814249748446 -0.00387200104820797 -0.8660582312679082
vn -0.49992814249748446 -0.00387200104820797 -0.8660582312679082
vn -0.8660479375305905 0.0038719997310989085 -0.49994597459834883
vn -0.49992770742198334 0.0038719976463665157 -0.8660584824283093
vn -0.49992814249748446 -0.00387200104820797 -0.8660582312679082
vn -0.49992770742198334 0.0038719976463665157 -0.8660584824283093
vn -0.0828190287139122 -0.004736002013215707 -0.9965533496847097
vn -0.0828190287139122 -0.004736002013215707 -0.9965533496847097
vn -0.49992770742198334 0.0038719976463665157 -0.8660584824283093
vn -0.0828190287139122 0.004736002013215707 -0.9965533496847097
vn -0.06247999219810379 0.25200096068100986 -0.9657079094585345
vn 0 0.2587409365885471 -0.9659467520175641
vn -0.0828190287139122 0.004736002013215707 -0.9965533496847097
vn 0 0.005151998514339849 -0.9999867283675861
vn -0.0828190287139122 0.004736002013215707 -0.9965533496847097
vn 0 0.2587409365885471 -0.9659467520175641
vn 0 0.866035147632163 -0.49998312278089696
vn -0.06486899470280219 0.7056359718934584 -0.7055989574086844
vn -0.0659869701911615 0.8646986100014213 -0.4979377808788973
vn -0.06486899470280219 0.7056359718934584 -0.7055989574086844
vn 0 0.866035147632163 -0.49998312278089696
vn 0 0.7071207881395732 -0.707092773956055
vn 0 0.9999956043817045 -0.00296499869636576
vn -0.0659869701911615 0.8646986100014213 -0.4979377808788973
vn -0.08297598658982527 0.9965478239780599 -0.0027239996400345006
vn -0.0659869701911615 0.8646986100014213 -0.4979377808788973
vn 0 0.9999956043817045 -0.00296499869636576
vn 0 0.866035147632163 -0.49998312278089696
vn -0.0624980031856599 -0.25208400153714267 0.9656850706968744
vn 0 -0.25883512028254413 0.9659215188141947
vn -0.08285296162548496 -0.004736997766723556 0.9965505243599263
vn 0 -0.005153998476372535 0.9999867180616479
vn -0.08285296162548496 -0.004736997766723556 0.9965505243599263
vn 0 -0.25883512028254413 0.9659215188141947
vn -0.06598099436548063 -0.8646949300541714 0.4979449631446774
vn 0 -0.8660288987170418 0.49999394655030344
vn -0.06485899445696215 -0.7056289215018126 0.7056069273882029
vn 0 -0.7071192682480021 0.7070942939045755
vn -0.06485899445696215 -0.7056289215018126 0.7056069273882029
vn 0 -0.8660288987170418 0.49999394655030344
vn -0.08297598658982527 -0.9965478239780599 0.0027239996400345006
vn 0 -0.9999956043817045 0.00296499869636576
vn -0.06598099436548063 -0.8646949300541714 0.4979449631446774
vn 0 -0.8660288987170418 0.49999394655030344
vn -0.06598099436548063 -0.8646949300541714 0.4979449631446774
vn 0 -0.9999956043817045 0.00296499869636576
vn -0.49997188164393075 -0.8660387816903009 -0.002223999506914365
vn -0.08297598658982527 -0.9965478239780599 0.0027239996400345006
vn -0.49997188164393075 -0.8660387816903009 0.002223999506914365
vn -0.08297598658982527 -0.9965478239780599 0.0027239996400345006
vn -0.49997188164393075 -0.8660387816903009 -0.002223999506914365
vn -0.08297598658982527 -0.9965478239780599 -0.0027239996400345006
vn -0.7070920682661814 -0.7071180558920948 -0.0022050003261168236
vn -0.49997188164393075 -0.8660387816903009 0.002223999506914365
vn -0.7070920682661814 -0.7071180558920948 0.0022050003261168236
vn -0.49997188164393075 -0.8660387816903009 0.002223999506914365
vn -0.7070920682661814 -0.7071180558920948 -0.0022050003261168236
vn -0.49997188164393075 -0.8660387816903009 -0.002223999506914365
vn -0.9999824358307983 -0.005140002143575792 -0.002951001163548086
vn -0.9659752459445096 -0.2586260770997504 0.002092000582778615
vn -0.9999824358307983 -0.005140002143575792 0.002951001163548086
vn -0.9659752459445096 -0.2586260770997504 0.002092000582778615
vn -0.9999824358307983 -0.005140002143575792 -0.002951001163548086
vn -0.9659752459445096 -0.2586260770997504 -0.002092000582778615
vn -0.0659869701911615 -0.8646986100014213 -0.4979377808788973
vn 0 -0.866035147632163 -0.49998312278089696
vn -0.08297598658982527 -0.9965478239780599 -0.0027239996400345006
vn 0 -0.9999956043817045 -0.00296499869636576
vn -0.08297598658982527 -0.9965478239780599 -0.0027239996400345006
vn 0 -0.866035147632163 -0.49998312278089696
vn -0.06486899470516855 -0.705634958640228 -0.7055999707133953
vn 0 -0.7071192682480021 -0.7070942939045755
vn -0.0659869701911615 -0.8646986100014213 -0.4979377808788973
vn 0 -0.866035147632163 -0.49998312278089696
vn -0.0659869701911615 -0.8646986100014213 -0.4979377808788973
vn 0 -0.7071192682480021 -0.7070942939045755
vn -0.0828190287139122 -0.004736002013215707 -0.9965533496847097
vn 0 -0.005151998514339849 -0.9999867283675861
vn -0.062482000113819595 -0.25200000694304464 -0.9657080284239548
vn 0 -0.2587409365885471 -0.9659467520175641
vn -0.062482000113819595 -0.25200000694304464 -0.9657080284239548
vn 0 -0.005151998514339849 -0.9999867283675861
vn 0 0.9999956043817045 0.00296499869636576
vn 0 0.9999956043817045 -0.00296499869636576
vn -0.08297598658982527 0.9965478239780599 0.0027239996400345006
vn -0.08297598658982527 0.9965478239780599 0.0027239996400345006
vn 0 0.9999956043817045 -0.00296499869636576
vn -0.08297598658982527 0.9965478239780599 -0.0027239996400345006
vn -0.9999824358307983 -0.005140002143575792 -0.002951001163548086
vn -0.9999824358307983 -0.005140002143575792 0.002951001163548086
vn -0.9999824358307983 0.005140002143575792 0.002951001163548086
vn -0.9999824358307983 0.005140002143575792 0.002951001163548086
vn -0.9999824358307983 0.005140002143575792 -0.002951001163548086
vn -0.9999824358307983 -0.005140002143575792 -0.002951001163548086
vn 0 -0.9999956043817045 -0.00296499869636576
vn 0 -0.9999956043817045 0.00296499869636576
vn -0.08297598658982527 -0.9965478239780599 0.0027239996400345006
vn -0.08297598658982527 -0.9965478239780599 0.0027239996400345006
vn -0.08297598658982527 -0.9965478239780599 -0.0027239996400345006
vn 0 -0.9999956043817045 -0.00296499869636576
vn -0.0828190287139122 -0.004736002013215707 -0.9965533496847097
vn -0.0828190287139122 0.004736002013215707 -0.9965533496847097
vn 0 -0.005151998514339849 -0.9999867283675861
vn 0 -0.005151998514339849 -0.9999867283675861
vn -0.0828190287139122 0.004736002013215707 -0.9965533496847097
vn 0 0.005151998514339849 -0.9999867283675861
vn -0.08285296162548496 0.004736997766723556 0.9965505243599263
vn -0.08285296162548496 -0.004736997766723556 0.9965505243599263
vn 0 0.005153998476372535 0.9999867180616479
vn 0 0.005153998476372535 0.9999867180616479
vn -0.08285296162548496 -0.004736997766723556 0.9965505243599263
vn 0 -0.005153998476372535 0.9999867180616479
vn -0.9460987951133863 0.22901394784001236 0.22901895462980854
vn -0.9999824358307983 0.005140002143575792 0.002951001163548086
vn -0.8660409940820992 0.0038719998665437184 0.49995800242252636
vn -0.9999824358307983 0.005140002143575792 0.002951001163548086
vn -0.9460987951133863 0.22901394784001236 0.22901895462980854
vn -0.9659752459445096 0.2586260770997504 0.002092000582778615
vn -0.49949495875948036 0.49946995461304383 0.7078379409248341
vn -0.7078379428905461 0.49947795527890254 0.49948695558030975
vn -0.49996928721697426 0.003872002115193511 0.8660344793594367
vn -0.7078379428905461 0.49947795527890254 0.49948695558030975
vn -0.8660409940820992 0.0038719998665437184 0.49995800242252636
vn -0.49996928721697426 0.003872002115193511 0.8660344793594367
vn -0.22904107747336294 0.229014076571882 0.946093408476018
vn -0.08285296162548496 0.004736997766723556 0.9965505243599263
vn -0.06250099081598956 0.252083956746661 0.96568488902849
vn -0.08285296162548496 0.004736997766723556 0.9965505243599263
vn -0.22904107747336294 0.229014076571882 0.946093408476018
vn -0.49996928721697426 0.003872002115193511 0.8660344793594367
vn -0.06486198048099318 0.705629797526069 0.7056057768551799
vn -0.06598298171033583 0.8646948231936286 0.4979448853706129
vn -0.49949495875948036 0.49946995461304383 0.7078379409248341
vn -0.49949495875948036 0.49946995461304383 0.7078379409248341
vn -0.06598298171033583 0.8646948231936286 0.4979448853706129
vn -0.4994911585632293 0.7078411801246897 0.49946916445046907
vn -0.08297598658982527 0.9965478239780599 0.0027239996400345006
vn -0.22902103921758013 0.9461011727940466 0.22900204023857354
vn -0.06598298171033583 0.8646948231936286 0.4979448853706129
vn -0.22902103921758013 0.9461011727940466 0.22900204023857354
vn -0.08297598658982527 0.9965478239780599 0.0027239996400345006
vn -0.49997188164393075 0.8660387816903009 0.002223999506914365
vn -0.49997188164393075 0.8660387816903009 0.002223999506914365
vn -0.7078379428905461 0.49947795527890254 0.49948695558030975
vn -0.4994911585632293 0.7078411801246897 0.49946916445046907
vn -0.7078379428905461 0.49947795527890254 0.49948695558030975
vn -0.49997188164393075 0.8660387816903009 0.002223999506914365
vn -0.7070920682661814 0.7071180558920948 0.0022050003261168236
vn -0.7078379428905461 0.49947795527890254 0.49948695558030975
vn -0.49949495875948036 0.49946995461304383 0.7078379409248341
vn -0.4994911585632293 0.7078411801246897 0.49946916445046907
vn -0.0828190287139122 0.004736002013215707 -0.9965533496847097
vn -0.22896492917139477 0.22896492917139477 -0.9461237352582781
vn -0.06247999219810379 0.25200096068100986 -0.9657079094585345
vn -0.22896492917139477 0.22896492917139477 -0.9461237352582781
vn -0.0828190287139122 0.004736002013215707 -0.9965533496847097
vn -0.49992770742198334 0.0038719976463665157 -0.8660584824283093
vn -0.8660479375305905 0.0038719997310989085 -0.49994597459834883
vn -0.7078487503207175 0.4994857944323543 -0.49946380031958143
vn -0.4995210185455001 0.49949902443282546 -0.7077990368896542
vn -0.8660479375305905 0.0038719997310989085 -0.49994597459834883
vn -0.4995210185455001 0.49949902443282546 -0.7077990368896542
vn -0.49992770742198334 0.0038719976463665157 -0.8660584824283093
vn -0.9999824358307983 0.005140002143575792 -0.002951001163548086
vn -0.9460939365224956 0.22902998850608328 -0.2290229849606181
vn -0.8660479375305905 0.0038719997310989085 -0.49994597459834883
vn -0.9460939365224956 0.22902998850608328 -0.2290229849606181
vn -0.9999824358307983 0.005140002143575792 -0.002951001163548086
vn -0.9659752459445096 0.2586260770997504 -0.002092000582778615
vn -0.49997188164393075 0.8660387816903009 -0.002223999506914365
vn -0.7078487503207175 0.4994857944323543 -0.49946380031958143
vn -0.7070920682661814 0.7071180558920948 -0.0022050003261168236
vn -0.7078487503207175 0.4994857944323543 -0.49946380031958143
vn -0.49997188164393075 0.8660387816903009 -0.002223999506914365
vn -0.49950193041620145 0.7078429273864647 -0.49945591563164826
vn -0.08297598658982527 0.9965478239780599 -0.0027239996400345006
vn -0.2290329439521081 0.9460978295958575 -0.22900394629490162
vn -0.49997188164393075 0.8660387816903009 -0.002223999506914365
vn -0.2290329439521081 0.9460978295958575 -0.22900394629490162
vn -0.08297598658982527 0.9965478239780599 -0.0027239996400345006
vn -0.0659869701911615 0.8646986100014213 -0.4979377808788973
vn -0.0659869701911615 0.8646986100014213 -0.4979377808788973
vn -0.4995210185455001 0.49949902443282546 -0.7077990368896542
vn -0.49950193041620145 0.7078429273864647 -0.49945591563164826
vn -0.4995210185455001 0.49949902443282546 -0.7077990368896542
vn -0.0659869701911615 0.8646986100014213 -0.4979377808788973
vn -0.06486899470280219 0.7056359718934584 -0.7055989574086844
vn -0.4995210185455001 0.49949902443282546 -0.7077990368896542
vn -0.7078487503207175 0.4994857944323543 -0.49946380031958143
vn -0.49950193041620145 0.7078429273864647 -0.49945591563164826
vn -0.22902109004153573 -0.9461004232177931 0.2290050861952625
vn -0.08297598658982527 -0.9965478239780599 0.0027239996400345006
vn -0.06598099436548063 -0.8646949300541714 0.4979449631446774
vn -0.08297598658982527 -0.9965478239780599 0.0027239996400345006
vn -0.22902109004153573 -0.9461004232177931 0.2290050861952625
vn -0.49997188164393075 -0.8660387816903009 0.002223999506914365
vn -0.499491101697497 -0.49947208781671387 0.7078391574482394
vn -0.06598099436548063 -0.8646949300541714 0.4979449631446774
vn -0.06485899445696215 -0.7056289215018126 0.7056069273882029
vn -0.06598099436548063 -0.8646949300541714 0.4979449631446774
vn -0.499491101697497 -0.49947208781671387 0.7078391574482394
vn -0.4994911585632293 -0.7078411801246897 0.49946916445046907
vn -0.08285296162548496 -0.004736997766723556 0.9965505243599263
vn -0.22902902393863972 -0.2290150168474642 0.9460960988462375
vn -0.0624980031856599 -0.25208400153714267 0.9656850706968744
vn -0.22902902393863972 -0.2290150168474642 0.9460960988462375
vn -0.08285296162548496 -0.004736997766723556 0.9965505243599263
vn -0.49996928721697426 -0.003872002115193511 0.8660344793594367
vn -0.707841711279387 -0.4994757768349585 0.49948379365919743
vn -0.49996928721697426 -0.003872002115193511 0.8660344793594367
vn -0.8660409940820992 -0.0038719998665437184 0.49995800242252636
vn -0.49996928721697426 -0.003872002115193511 0.8660344793594367
vn -0.707841711279387 -0.4994757768349585 0.49948379365919743
vn -0.499491101697497 -0.49947208781671387 0.7078391574482394
vn -0.9999824358307983 -0.005140002143575792 0.002951001163548086
vn -0.9460990106113315 -0.2290130035187544 0.22901900868613226
vn -0.8660409940820992 -0.0038719998665437184 0.49995800242252636
vn -0.9460990106113315 -0.2290130035187544 0.22901900868613226
vn -0.9999824358307983 -0.005140002143575792 0.002951001163548086
vn -0.9659752459445096 -0.2586260770997504 0.002092000582778615
vn -0.4994911585632293 -0.7078411801246897 0.49946916445046907
vn -0.707841711279387 -0.4994757768349585 0.49948379365919743
vn -0.49997188164393075 -0.8660387816903009 0.002223999506914365
vn -0.707841711279387 -0.4994757768349585 0.49948379365919743
vn -0.7070920682661814 -0.7071180558920948 0.0022050003261168236
vn -0.49997188164393075 -0.8660387816903009 0.002223999506914365
vn -0.4994911585632293 -0.7078411801246897 0.49946916445046907
vn -0.499491101697497 -0.49947208781671387 0.7078391574482394
vn -0.707841711279387 -0.4994757768349585 0.49948379365919743
vn -0.22897394897442708 -0.2289639502948748 -0.9461217892831888
vn -0.0828190287139122 -0.004736002013215707 -0.9965533496847097
vn -0.062482000113819595 -0.25200000694304464 -0.9657080284239548
vn -0.0828190287139122 -0.004736002013215707 -0.9965533496847097
vn -0.22897394897442708 -0.2289639502948748 -0.9461217892831888
vn -0.49992814249748446 -0.00387200104820797 -0.8660582312679082
vn -0.0659869701911615 -0.8646986100014213 -0.4979377808788973
vn -0.4995021898533934 -0.7078432551951114 -0.49945519159024976
vn -0.4995217772063512 -0.4994987698127737 -0.7077986811602109
vn -0.0659869701911615 -0.8646986100014213 -0.4979377808788973
vn -0.4995217772063512 -0.4994987698127737 -0.7077986811602109
vn -0.06486899470516855 -0.705634958640228 -0.7055999707133953
vn -0.08297598658982527 -0.9965478239780599 -0.0027239996400345006
vn -0.2290331157984924 -0.9460975047404985 -0.22900511651803074
vn -0.0659869701911615 -0.8646986100014213 -0.4979377808788973
vn -0.2290331157984924 -0.9460975047404985 -0.22900511651803074
vn -0.08297598658982527 -0.9965478239780599 -0.0027239996400345006
vn -0.49997188164393075 -0.8660387816903009 -0.002223999506914365
vn -0.7078487503207175 -0.4994857944323543 -0.49946380031958143
vn -0.49997188164393075 -0.8660387816903009 -0.002223999506914365
vn -0.7070920682661814 -0.7071180558920948 -0.0022050003261168236
vn -0.49997188164393075 -0.8660387816903009 -0.002223999506914365
vn -0.7078487503207175 -0.4994857944323543 -0.49946380031958143
vn -0.4995021898533934 -0.7078432551951114 -0.49945519159024976
vn -0.9999824358307983 -0.005140002143575792 -0.002951001163548086
vn -0.9460946926282003 -0.22902792760585405 -0.22902192243826572
vn -0.9659752459445096 -0.2586260770997504 -0.002092000582778615
vn -0.9460946926282003 -0.22902792760585405 -0.22902192243826572
vn -0.9999824358307983 -0.005140002143575792 -0.002951001163548086
vn -0.8660479375305905 -0.0038719997310989085 -0.49994597459834883
vn -0.8660479375305905 -0.0038719997310989085 -0.49994597459834883
vn -0.4995217772063512 -0.4994987698127737 -0.7077986811602109
vn -0.7078487503207175 -0.4994857944323543 -0.49946380031958143
vn -0.4995217772063512 -0.4994987698127737 -0.7077986811602109
vn -0.8660479375305905 -0.0038719997310989085 -0.49994597459834883
vn -0.49992814249748446 -0.00387200104820797 -0.8660582312679082
vn -0.4995217772063512 -0.4994987698127737 -0.7077986811602109
vn -0.4995021898533934 -0.7078432551951114 -0.49945519159024976
vn -0.7078487503207175 -0.4994857944323543 -0.49946380031958143
vn 0 0.3090141267297971 -0.951057448044765
vn 0 0.3090141267297971 -0.951057448044765
vn 0 0.587781694133188 -0.8090195795170344
vn 0 0.3090141267297971 -0.951057448044765
vn 0 0.587781694133188 -0.8090195795170344
vn 0 0.587781694133188 -0.8090195795170344
vn 0 0.8090200560376642 -0.5877810382521833
vn 0 0.587781694133188 -0.8090195795170344
vn 0 0.8090200560376642 -0.5877810382521833
vn 0 0.587781694133188 -0.8090195795170344
vn 0 0.8090200560376642 -0.5877810382521833
vn 0 0.587781694133188 -0.8090195795170344
vn 0 0.9510568568515194 -0.3090159462482613
vn 0 0.8090200560376642 -0.5877810382521833
vn 0 0.9510568568515194 -0.3090159462482613
vn 0 0.8090200560376642 -0.5877810382521833
vn 0 0.9510568568515194 -0.3090159462482613
vn 0 0.8090200560376642 -0.5877810382521833
vn 0 1 0
vn 0 0.9510568568515194 -0.3090159462482613
vn 0 1 0
vn 0 0.9510568568515194 -0.3090159462482613
vn 0 1 0
vn 0 0.9510568568515194 -0.3090159462482613
vn 0 0.9510568568515194 0.3090159462482613
vn 0 1 0
vn 0 0.9510568568515194 0.3090159462482613
vn 0 1 0
vn 0 0.9510568568515194 0.3090159462482613
vn 0 1 0
vn 0 0.8090149971864602 0.587788001176778
vn 0 0.9510568568515194 0.3090159462482613
vn 0 0.8090149971864602 0.587788001176778
vn 0 0.9510568568515194 0.3090159462482613
vn 0 0.8090149971864602 0.587788001176778
vn 0 0.9510568568515194 0.3090159462482613
vn 0 0.587781694133188 0.8090195795170344
vn 0 0.587781694133188 0.8090195795170344
vn 0 0.8090149971864602 0.587788001176778
vn 0 0.8090149971864602 0.587788001176778
vn 0 0.8090149971864602 0.587788001176778
vn 0 0.587781694133188 0.8090195795170344
vn 0 0.587781694133188 0.8090195795170344
vn 0 0.587781694133188 0.8090195795170344
vn 0 0.3090141267297971 0.951057448044765
vn 0 0.587781694133188 0.8090195795170344
vn 0 0.3090141267297971 0.951057448044765
vn 0 0.3090141267297971 0.951057448044765
vn 0 0.3090141267297971 0.951057448044765
vn 0 0.3090141267297971 0.951057448044765
vn 0 0 1
vn 0 0.3090141267297971 0.951057448044765
vn 0 0 1
vn 0 0 1
vn 0 0 1
vn 0 0 1
vn 0 -0.3090141267297971 0.951057448044765
vn 0 0 1
vn 0 -0.3090141267297971 0.951057448044765
vn 0 -0.3090141267297971 0.951057448044765
vn 0 -0.3090141267297971 0.951057448044765
vn 0 -0.3090141267297971 0.951057448044765
vn 0 -0.587781694133188 0.8090195795170344
vn 0 -0.3090141267297971 0.951057448044765
vn 0 -0.587781694133188 0.8090195795170344
vn 0 -0.587781694133188 0.8090195795170344
vn 0 -0.8090149971864602 0.587788001176778
vn 0 -0.8090149971864602 0.587788001176778
vn 0 -0.587781694133188 0.8090195795170344
vn 0 -0.587781694133188 0.8090195795170344
vn 0 -0.587781694133188 0.8090195795170344
vn 0 -0.8090149971864602 0.587788001176778
vn 0 -0.8090149971864602 0.587788001176778
vn 0 -0.8090149971864602 0.587788001176778
vn 0 -0.9510568568515194 0.3090159462482613
vn 0 -0.8090149971864602 0.587788001176778
vn 0 -0.9510568568515194 0.3090159462482613
vn 0 -0.9510568568515194 0.3090159462482613
vn 0 -0.9510568568515194 0.3090159462482613
vn 0 -0.9510568568515194 0.3090159462482613
vn 0 -1 0
vn 0 -0.9510568568515194 0.3090159462482613
vn 0 -1 0
vn 0 -1 0
vn 0 -1 0
vn 0 -1 0
vn 0 -0.9510568568515194 -0.3090159462482613
vn 0 -1 0
vn 0 -0.9510568568515194 -0.3090159462482613
vn 0 -0.9510568568515194 -0.3090159462482613
vn 0 -0.9510568568515194 -0.3090159462482613
vn 0 -0.9510568568515194 -0.3090159462482613
vn 0 -0.8090200560376642 -0.5877810382521833
vn 0 -0.9510568568515194 -0.3090159462482613
vn 0 -0.8090200560376642 -0.5877810382521833
vn 0 -0.8090200560376642 -0.5877810382521833
vn 0 -0.587781694133188 -0.8090195795170344
vn 0 -0.587781694133188 -0.8090195795170344
vn 0 -0.8090200560376642 -0.5877810382521833
vn 0 -0.8090200560376642 -0.5877810382521833
vn 0 -0.8090200560376642 -0.5877810382521833
vn 0 -0.587781694133188 -0.8090195795170344
vn 0 -0.587781694133188 -0.8090195795170344
vn 0 -0.587781694133188 -0.8090195795170344
vn 0 -0.3090141267297971 -0.951057448044765
vn 0 -0.587781694133188 -0.8090195795170344
vn 0 -0.3090141267297971 -0.951057448044765
vn 0 -0.3090141267297971 -0.951057448044765
vn 0 -0.3090141267297971 -0.951057448044765
vn 0 -0.3090141267297971 -0.951057448044765
vn 0 0 -1
vn 0 -0.3090141267297971 -0.951057448044765
vn 0 0 -1
vn 0 0 -1
vn 0 0 -1
vn 0 0 -1
vn 0 0.3090141267297971 -0.951057448044765
vn 0 0 -1
vn 0 0.3090141267297971 -0.951057448044765
vn 0 0.3090141267297971 -0.951057448044765
vn 1 0 0
vn 1 0 0
vn 1 0 0
vn 1 0 0
vn 1 0 0
vn 1 0 0
vn 1 0 0
vn 1 0 0
vn 1 0 0
vn 1 0 0
vn 1 0 0
vn 1 0 0
vn 1 0 0
vn 1 0 0
vn 1 0 0
vn 1 0 0
vn 1 0 0
vn 1 0 0
vn 1 0 0
vn 0.9999999999995 -9.999999974747425e-7 0
vn 1 0 0
vn 0.9999999999995 -9.999999974747425e-7 0
vn 1 0 0
vn 1 0 0
vn 1 0 0
vn 1 0 0
vn 1 0 0
vn 1 0 0
vn 1 0 0
vn 1 0 0
vn 1 0 0
vn 1 0 0
vn 1 0 0
vn 1 0 0
vn 1 0 0
vn 1 0 0
vn 1 0 0
vn 1 0 0
vn 1 0 0
vn 1 0 0
vn 1 0 0
vn 1 0 0
vn 1 0 0
vn 1 0 0
vn 1 0 0
vn 1 0 0
vn 1 0 0
vn 1 0 0
vn 1 0 0
vn 0.9999999999995 9.999999974747425e-7 0
vn 1 0 0
vn 0.9999999999995 9.999999974747425e-7 0
vn 1 0 0
vn 1 0 0
vn 1 0 0
vn 1 0 0
vn 1 0 0
vn 1 0 0
vn 1 0 0
vn 1 0 0
vn 1 0 0
vn 1 0 0
vn 1 0 0
vn 1 0 0
vn 1 0 0
vn 1 0 0
vn 1 0 0
vn 1 0 0
vn 1 0 0
vn 1 0 0
vn 1 0 0
vn 1 0 0
vn 1 0 0
vn 1 0 0
vn 1 0 0
vn 1 0 0
vn 1 0 0
vn 1 0 0
vn 1 0 0
vn 1 0 0
vn 1 0 0
vn 1 0 0
vn 1 0 0
vn 1 0 0
vn 1 0 0
vn 1 0 0
vn 1 0 0
vn 1 0 0
vn 1 0 0
vn 1 0 0
vn 1 0 0
vn 1 0 0
vn 1 0 0
vn 1 0 0
vn 1 0 0
vn 1 0 0
vn 1 0 0
vn 1 0 0
vn 1 0 0
vn 1 0 0
vn 1 0 0
vn 1 0 0
vn 1 0 0
vn 1 0 0
vn 1 0 0
vn 1 0 0
vn 1 0 0
vn 1 0 0
vn 1 0 0
vn 1 0 0
vn 1 0 0
vn 1 0 0
vn 1 0 0
vn 1 0 0
vn 1 0 0
vn 1 0 0
vn 1 0 0
vn 1 0 0
vn 1 0 0
vn 1 0 0
vn 1 0 0
vn 1 0 0
vn 1 0 0
vn 1 0 0
vn 1 0 0
vn 1 0 0
vn 1 0 0
vn 1 0 0
vn 1 0 0
vn 1 0 0
vn 1 0 0
vn 1 0 0
vn 1 0 0
vn 1 0 0
vn 1 0 0
vn 1 0 0
vn 1 0 0
vn 1 0 0
vn 1 0 0
vn 1 0 0
vn 1 0 0
vn 1 0 0
vn 1 0 0
vn 1 0 0
vn 1 0 0
vn 1 0 0
vn 1 0 0
vn 1 0 0
vn 1 0 0
vn 1 0 0
vn 1 0 0
vn 1 0 0
vn 1 0 0
vn 1 0 0
vn 1 0 0
vn 1 0 0
vn 1 0 0
vn 1 0 0
vn 1 0 0
vn 1 0 0
vn 1 0 0
vn 1 0 0
vn 1 0 0
vn 1 0 0
vn 1 0 0
vn 1 0 0
vn 1 0 0
vn 1 0 0
vn 1 0 0
vn 1 0 0
vn 1 0 0
vn 1 0 0
vn 1 0 0
vn 1 0 0
vn 1 0 0
vn 1 0 0
vn 1 0 0
vn 1 0 0
vn 1 0 0
vn 1 0 0
vn 1 0 0
vn 1 0 0
vn 1 0 0
vn 1 0 0
vn 1 0 0
vn 1 0 0
vn 1 0 0
vn 1 0 0
vn 1 0 0
vn 1 0 0
vn 1 0 0
vn 1 0 0
vn 1 0 0
vn 1 0 0
vn 1 0 0
vn 1 0 0
vn 1 0 0
vn 1 0 0
vn 1 0 0
vn 1 0 0
vn 1 0 0
vn 1 0 0
vn 1 0 0
vn 1 0 0
vn 1 0 0
vn 1 0 0
vn 1 0 0
vn 1 0 0
vn 1 0 0
vn 1 0 0
vn 1 0 0
vn 1 0 0
vn 1 0 0
vn 1 0 0
vn 1 0 0
vn 1 0 0
vn 1 0 0
vn 1 0 0
vn 1 0 0
vn 1 0 0
vn 1 0 0
vn 1 0 0
vn 1 0 0
vn 1 0 0
vn 1 0 0
vn 1 0 0
vn 1 0 0
vn 1 0 0
vn 1 0 0
vn 1 0 0
vn 1 0 0
vn 1 0 0
vn 1 0 0
vn 1 0 0
vn 1 0 0
vn 1 0 0
vn 1 0 0
vn 1 0 0
vn 1 0 0
vn 1 0 0
vn 1 0 0
vn 1 0 0
vn 1 0 0
vn 1 0 0
vn 1 0 0
vn 1 0 0
vn 1 0 0
vn 1 0 0
vn 1 0 0
vn 1 0 0
vn 1 0 0
vn 1 0 0
vn 1 0 0
vn 1 0 0
vn 1 0 0
vn 1 0 0
vn 1 0 0
vn 1 0 0
vn 1 0 0
vn 1 0 0
vn 1 0 0
vn 1 0 0
vn 1 0 0
vn 1 0 0
vn 0 1 0
vn 0 1 0
vn 0 0.9510564666626288 -0.30901714712811035
vn 0 0.9510564666626288 -0.30901714712811035
vn 0 0.9510564666626288 -0.30901714712811035
vn 0 1 0
vn 0 0.9510564666626288 -0.30901714712811035
vn 0 0.9510564666626288 -0.30901714712811035
vn 0 0.8090166508525247 -0.5877857251102345
vn 0 0.8090166508525247 -0.5877857251102345
vn 0 0.8090166508525247 -0.5877857251102345
vn 0 0.9510564666626288 -0.30901714712811035
vn 0 0.8090166508525247 -0.5877857251102345
vn 0 0.587788001176778 -0.8090149971864602
vn 0 0.8090166508525247 -0.5877857251102345
vn 0 0.587788001176778 -0.8090149971864602
vn 0 0.8090166508525247 -0.5877857251102345
vn 0 0.587788001176778 -0.8090149971864602
vn 0 0.587788001176778 -0.8090149971864602
vn 0 0.3090219870383713 -0.9510548940659822
vn 0 0.587788001176778 -0.8090149971864602
vn 0 0.3090219870383713 -0.9510548940659822
vn 0 0.587788001176778 -0.8090149971864602
vn 0 0.3090219870383713 -0.9510548940659822
vn 1 0 0
vn 1 0 0
vn 1 0 0
vn 1 0 0
vn 1 0 0
vn 1 0 0
vn 1 0 0
vn 1 0 0
vn 1 0 0
vn 1 0 0
vn 1 0 0
vn 1 0 0
vn 1 0 0
vn 1 0 0
vn 1 0 0
vn 1 0 0
vn 1 0 0
vn 1 0 0
vn 1 0 0
vn 1 0 0
vn 1 0 0
vn 1 0 0
vn 1 0 0
vn 1 0 0
vn 1 0 0
vn 1 0 0
vn 1 0 0
vn 1 0 0
vn 1 0 0
vn 1 0 0
vn 1 0 0
vn 1 0 0
vn 1 0 0
vn 1 0 0
vn 1 0 0
vn 1 0 0
vn 1 0 0
vn 1 0 0
vn 1 0 0
vn 1 0 0
vn 1 0 0
vn 1 0 0
vn -9.999999974747425e-7 0.9999999999995 0
vn -9.999999974747425e-7 0.9999999999995 0
vn -0.0000020000004195883155 0.9510542122002895 -0.3090240855533544
vn -0.0000019999993290997105 0.9510536271217089 -0.3090258861885868
vn -0.0000020000004195883155 0.9510542122002895 -0.3090240855533544
vn -9.999999974747425e-7 0.9999999999995 0
vn -0.0000020000004195883155 0.9510542122002895 -0.3090240855533544
vn -0.0000019999993290997105 0.9510536271217089 -0.3090258861885868
vn -9.999996639363006e-7 0.8090217174346038 -0.5877787515027777
vn -9.999996639363006e-7 0.8090217174346038 -0.5877787515027777
vn -9.999996639363006e-7 0.8090217174346038 -0.5877787515027777
vn -0.0000019999993290997105 0.9510536271217089 -0.3090258861885868
vn -9.999996639363006e-7 0.8090217174346038 -0.5877787515027777
vn -9.999996639363006e-7 0.8090217174346038 -0.5877787515027777
vn 0 0.587786246277745 -0.8090162722014422
vn 0 0.587786246277745 -0.8090162722014422
vn 0 0.587786246277745 -0.8090162722014422
vn -9.999996639363006e-7 0.8090217174346038 -0.5877787515027777
vn 0 0.587786246277745 -0.8090162722014422
vn 0 0.30898798887104545 -0.951065940265672
vn 0 0.587786246277745 -0.8090162722014422
vn 0 0.30898798887104545 -0.951065940265672
vn 0 0.587786246277745 -0.8090162722014422
vn 0 0.30898798887104545 -0.951065940265672
vn 0 0.30898798887104545 -0.951065940265672
vn 0 0 -1
vn 0 0.30898798887104545 -0.951065940265672
vn 0 0 -1
vn 0 0.30898798887104545 -0.951065940265672
vn 0 0 -1
vn 0 0 -1
vn 0 -0.30898704810890465 -0.9510662459055864
vn 0 0 -1
vn 0 -0.30898704810890465 -0.9510662459055864
vn 0 0 -1
vn 0 -0.30898704810890465 -0.9510662459055864
vn 0 -0.30898704810890465 -0.9510662459055864
vn 0 -0.587786246277745 -0.8090162722014422
vn 0 -0.30898704810890465 -0.9510662459055864
vn 0 -0.587786246277745 -0.8090162722014422
vn 0 -0.30898704810890465 -0.9510662459055864
vn 0 -0.587786246277745 -0.8090162722014422
vn 0 -0.587786246277745 -0.8090162722014422
vn -9.999996639363006e-7 -0.8090217174346038 -0.5877787515027777
vn 0 -0.587786246277745 -0.8090162722014422
vn -9.999996639363006e-7 -0.8090217174346038 -0.5877787515027777
vn 0 -0.587786246277745 -0.8090162722014422
vn -9.999996639363006e-7 -0.8090217174346038 -0.5877787515027777
vn -9.999996639363006e-7 -0.8090217174346038 -0.5877787515027777
vn -0.0000019999993290997105 -0.9510536271217089 -0.3090258861885868
vn -0.0000020000004195883155 -0.9510542122002895 -0.3090240855533544
vn -0.0000019999993290997105 -0.9510536271217089 -0.3090258861885868
vn -9.999996639363006e-7 -0.8090217174346038 -0.5877787515027777
vn -9.999996639363006e-7 -0.8090217174346038 -0.5877787515027777
vn -0.0000020000004195883155 -0.9510542122002895 -0.3090240855533544
vn -9.999999974747425e-7 -0.9999999999995 0
vn -9.999999974747425e-7 -0.9999999999995 0
vn -9.999999974747425e-7 -0.9999999999995 0
vn -0.0000020000004195883155 -0.9510542122002895 -0.3090240855533544
vn -0.0000019999993290997105 -0.9510536271217089 -0.3090258861885868
vn 0 -0.8090166508525247 -0.5877857251102345
vn 0 -0.9510564666626288 -0.30901714712811035
vn 0 -0.8090166508525247 -0.5877857251102345
vn 0 -0.9510564666626288 -0.30901714712811035
vn 0 -0.8090166508525247 -0.5877857251102345
vn 0 -0.9510564666626288 -0.30901714712811035
vn 0 -0.9510564666626288 -0.30901714712811035
vn 0 -1 0
vn 0 -0.9510564666626288 -0.30901714712811035
vn 0 -1 0
vn 0 -0.9510564666626288 -0.30901714712811035
vn 0 -1 0
vn 0 -1 0
vn 0 -0.9510564666626288 0.30901714712811035
vn 0 -1 0
vn 0 -0.9510564666626288 0.30901714712811035
vn 0 -1 0
vn 0 -0.9510564666626288 0.30901714712811035
vn 0 -0.9510564666626288 0.30901714712811035
vn 0 -0.8090166508525247 0.5877857251102345
vn 0 -0.9510564666626288 0.30901714712811035
vn 0 -0.8090166508525247 0.5877857251102345
vn 0 -0.9510564666626288 0.30901714712811035
vn 0 -0.8090166508525247 0.5877857251102345
vn 0 -0.8090166508525247 0.5877857251102345
vn 0 -0.587788001176778 0.8090149971864602
vn 0 -0.8090166508525247 0.5877857251102345
vn 0 -0.587788001176778 0.8090149971864602
vn 0 -0.8090166508525247 0.5877857251102345
vn 0 -0.587788001176778 0.8090149971864602
vn 0 -0.587788001176778 0.8090149971864602
vn 0 -0.3090111508021973 0.9510584149671889
vn 0 -0.587788001176778 0.8090149971864602
vn 0 -0.3090111508021973 0.9510584149671889
vn 0 -0.587788001176778 0.8090149971864602
vn 0 -0.3090111508021973 0.9510584149671889
vn 0 -0.3090111508021973 0.9510584149671889
vn 0 0 1
vn 0 -0.3090111508021973 0.9510584149671889
vn 0 0 1
vn 0 -0.3090111508021973 0.9510584149671889
vn 0 0 1
vn 0 0 1
vn 0 0.3090111508021973 0.9510584149671889
vn 0 0 1
vn 0 0.3090111508021973 0.9510584149671889
vn 0 0 1
vn 0 0.3090111508021973 0.9510584149671889
vn 0 0.3090111508021973 0.9510584149671889
vn 0 0.587788001176778 0.8090149971864602
vn 0 0.3090111508021973 0.9510584149671889
vn 0 0.587788001176778 0.8090149971864602
vn 0 0.3090111508021973 0.9510584149671889
vn 0 0.587788001176778 0.8090149971864602
vn 0 0.587788001176778 0.8090149971864602
vn 0 0.587788001176778 0.8090149971864602
vn 0 0.8090166508525247 0.5877857251102345
vn 0 0.8090166508525247 0.5877857251102345
vn 0 0.8090166508525247 0.5877857251102345
vn 0 0.587788001176778 0.8090149971864602
vn 0 0.8090166508525247 0.5877857251102345
vn 0 0.8090166508525247 0.5877857251102345
vn 0 0.9510564666626288 0.30901714712811035
vn 0 0.9510564666626288 0.30901714712811035
vn 0 0.9510564666626288 0.30901714712811035
vn 0 0.8090166508525247 0.5877857251102345
vn 0 0.9510564666626288 0.30901714712811035
vn 0 0.9510564666626288 0.30901714712811035
vn 0 1 0
vn 0 1 0
vn 0 1 0
vn 0 0.9510564666626288 0.30901714712811035
vn 1 0 0
vn 1 0 0
vn 1 0 0
vn 1 0 0
vn 1 0 0
vn 1 0 0
vn 1 0 0
vn 1 0 0
vn 1 0 0
vn 0 0.3090219870383713 -0.9510548940659822
vn 0 0 -1
vn 0 0.3090219870383713 -0.9510548940659822
vn 0 0 -1
vn 0 0.3090219870383713 -0.9510548940659822
vn 0 0 -1
vn 1 0 0
vn 1 0 0
vn 1 0 0
vn -9.999999974747425e-7 -0.9999999999995 0
vn 0 -0.9510597838832936 0.30900693759180065
vn -9.999999974747425e-7 -0.9999999999995 0
vn 0 -0.9510597838832936 0.30900693759180065
vn -9.999999974747425e-7 -0.9999999999995 0
vn 0 -0.9510597838832936 0.30900693759180065
vn 0 -0.9510597838832936 0.30900693759180065
vn 0 -0.8090107496174634 0.5877938473677569
vn 0 -0.9510597838832936 0.30900693759180065
vn 0 -0.8090107496174634 0.5877938473677569
vn 0 -0.9510597838832936 0.30900693759180065
vn 0 -0.8090107496174634 0.5877938473677569
vn 0 -0.8090107496174634 0.5877938473677569
vn 0 -0.587786246277745 0.8090162722014422
vn 0 -0.8090107496174634 0.5877938473677569
vn 0 -0.587786246277745 0.8090162722014422
vn 0 -0.8090107496174634 0.5877938473677569
vn 0 -0.587786246277745 0.8090162722014422
vn 0 -0.587786246277745 0.8090162722014422
vn 0 -0.30904299764384097 0.9510480669279072
vn 0 -0.587786246277745 0.8090162722014422
vn 0 -0.30904299764384097 0.9510480669279072
vn 0 -0.587786246277745 0.8090162722014422
vn 0 -0.30904299764384097 0.9510480669279072
vn 0 -0.30904299764384097 0.9510480669279072
vn 0 0 1
vn 0 -0.30904299764384097 0.9510480669279072
vn 0 0 1
vn 0 -0.30904299764384097 0.9510480669279072
vn 0 0 1
vn 0 0 1
vn 0 0.3090439383909979 0.9510477612316751
vn 0 0 1
vn 0 0.3090439383909979 0.9510477612316751
vn 0 0 1
vn 0 0.3090439383909979 0.9510477612316751
vn 0 0.3090439383909979 0.9510477612316751
vn 0 0.587786246277745 0.8090162722014422
vn 0 0.3090439383909979 0.9510477612316751
vn 0 0.587786246277745 0.8090162722014422
vn 0 0.3090439383909979 0.9510477612316751
vn 0 0.587786246277745 0.8090162722014422
vn 0 0.587786246277745 0.8090162722014422
vn 0 0.8090107496174634 0.5877938473677569
vn 0 0.587786246277745 0.8090162722014422
vn 0 0.8090107496174634 0.5877938473677569
vn 0 0.587786246277745 0.8090162722014422
vn 0 0.8090107496174634 0.5877938473677569
vn 0 0.8090107496174634 0.5877938473677569
vn 0 0.8090107496174634 0.5877938473677569
vn 0 0.9510597838832936 0.30900693759180065
vn 0 0.9510597838832936 0.30900693759180065
vn 0 0.9510597838832936 0.30900693759180065
vn 0 0.8090107496174634 0.5877938473677569
vn 0 0.9510597838832936 0.30900693759180065
vn 0 0.9510597838832936 0.30900693759180065
vn -9.999999974747425e-7 0.9999999999995 0
vn -9.999999974747425e-7 0.9999999999995 0
vn -9.999999974747425e-7 0.9999999999995 0
vn 0 0.9510597838832936 0.30900693759180065
vn 0 0 -1
vn 0 -0.3090219870383713 -0.9510548940659822
vn 0 0 -1
vn 0 -0.3090219870383713 -0.9510548940659822
vn 0 0 -1
vn 0 -0.3090219870383713 -0.9510548940659822
vn 0 -0.3090219870383713 -0.9510548940659822
vn 0 -0.587788001176778 -0.8090149971864602
vn 0 -0.3090219870383713 -0.9510548940659822
vn 0 -0.587788001176778 -0.8090149971864602
vn 0 -0.3090219870383713 -0.9510548940659822
vn 0 -0.587788001176778 -0.8090149971864602
vn 0 -0.587788001176778 -0.8090149971864602
vn 0 -0.8090166508525247 -0.5877857251102345
vn 0 -0.587788001176778 -0.8090149971864602
vn 0 -0.8090166508525247 -0.5877857251102345
vn 0 -0.587788001176778 -0.8090149971864602
vn 0 -0.8090166508525247 -0.5877857251102345
vn 1 0 0
vn 1 0 0
vn 1 0 0
vn 1 0 0
vn 1 0 0
vn 1 0 0
vn 1 0 0
vn 1 0 0
vn 1 0 0
vn 1 0 0
vn 1 0 0
vn 1 0 0
vn 1 0 0
vn 1 0 0
vn 1 0 0
vn 1 0 0
vn 1 0 0
vn 1 0 0
vn 1 0 0
vn 1 0 0
vn 1 0 0
vn 1 0 0
vn 1 0 0
vn 1 0 0
vn 1 0 0
vn 1 0 0
vn 1 0 0
vn 1 0 0
vn 1 0 0
vn 1 0 0
vn 1 0 0
vn 1 0 0
vn 1 0 0
vn 1 0 0
vn 1 0 0
vn 1 0 0
vn 1 0 0
vn 1 0 0
vn 1 0 0
vn 1 0 0
vn 1 0 0
vn 1 0 0
vn 1 0 0
vn 1 0 0
vn 1 0 0
vn 1 0 0
vn 1 0 0
vn 1 0 0
vn 1 0 0
vn 1 0 0
vn 1 0 0
vn 1 0 0
vn 1 0 0
vn 1 0 0
vn 1 0 0
vn 1 0 0
vn 1 0 0
vn 1 0 0
vn 1 0 0
vn 1 0 0
vn 1 0 0
vn 1 0 0
vn 1 0 0
vn 1 0 0
vn 1 0 0
vn 1 0 0
vn 1 0 0
vn 1 0 0
vn 1 0 0
vn 1 0 0
vn 1 0 0
vn 1 0 0
vn 1 0 0
vn 1 0 0
vn 1 0 0
vn 1 0 0
vn 1 0 0
vn 1 0 0
vn 1 0 0
vn 1 0 0
vn 0.9999999999995 9.999999974747425e-7 0
vn 0.9999999999995 9.999999974747425e-7 0
vn 1 0 0
vn 1 0 0
vn 1 0 0
vn 1 0 0
vn 0.9999999999995 -9.999999974747425e-7 0
vn 0.9999999999995 -9.999999974747425e-7 0
vn 1 0 0
vn 1 0 0
vn 1 0 0
vn 1 0 0
vn 1 0 0
vn 1 0 0
vn 1 0 0
vn 1 0 0
vn 1 0 0
vn 1 0 0
vn 1 0 0
vn 1 0 0
vn 1 0 0
vn 1 0 0
vn 1 0 0
vn 1 0 0
vn 1 0 0
vn 1 0 0
vn 1 0 0
vn 1 0 0
vn 0 -0.9999991614868478 -0.001295000232282103
vn 0 -0.9999991614868478 -0.001295000232282103
vn 0 -1 0
vn 0 -0.9999998235820494 0.0005939998906219052
vn 0 -1 0
vn 0 -0.9999991614868478 -0.001295000232282103
vn 0 -1 0
vn 0 -0.9999998235820494 0.0005939998906219052
vn 0 -0.9999998235820494 0.0005939998906219052
vn 0 -0.9510571537609264 -0.3090150324501473
vn 0 -0.9999991614868478 -0.001295000232282103
vn 0 -0.9510571537609264 -0.3090150324501473
vn 0 -0.9999991614868478 -0.001295000232282103
vn 0 -0.9510571537609264 -0.3090150324501473
vn 0 -0.9999991614868478 -0.001295000232282103
vn 0 -0.9999998235820494 0.0005939998906219052
vn 0 -0.9880046769396047 0.1544239565140961
vn 0 -0.9999998235820494 0.0005939998906219052
vn 0 -0.9880046769396047 0.1544239565140961
vn 0 -0.9999998235820494 0.0005939998906219052
vn 0 -0.9880046769396047 0.1544239565140961
vn 0 -0.8090187732832874 -0.5877828038274042
vn 0 -0.9510571537609264 -0.3090150324501473
vn 0 -0.8090187732832874 -0.5877828038274042
vn 0 -0.9510571537609264 -0.3090150324501473
vn 0 -0.8090187732832874 -0.5877828038274042
vn 0 -0.9510571537609264 -0.3090150324501473
vn 0 -0.9880046769396047 0.1544239565140961
vn 0 -0.9523055292243203 0.305146160075442
vn 0 -0.9880046769396047 0.1544239565140961
vn 0 -0.9523055292243203 0.305146160075442
vn 0 -0.9880046769396047 0.1544239565140961
vn 0 -0.9523055292243203 0.305146160075442
vn 0 -0.5877850692315606 -0.8090171273764539
vn 0 -0.8090187732832874 -0.5877828038274042
vn 0 -0.5877850692315606 -0.8090171273764539
vn 0 -0.8090187732832874 -0.5877828038274042
vn 0 -0.5877850692315606 -0.8090171273764539
vn 0 -0.8090187732832874 -0.5877828038274042
vn 0 -0.9523055292243203 0.305146160075442
vn 0 -0.8937613964084871 0.448542714008322
vn 0 -0.9523055292243203 0.305146160075442
vn 0 -0.8937613964084871 0.448542714008322
vn 0 -0.9523055292243203 0.305146160075442
vn 0 -0.8937613964084871 0.448542714008322
vn 0 -0.3090159462482613 -0.9510568568515194
vn 0 -0.5877850692315606 -0.8090171273764539
vn 0 -0.3090159462482613 -0.9510568568515194
vn 0 -0.5877850692315606 -0.8090171273764539
vn 0 -0.3090159462482613 -0.9510568568515194
vn 0 -0.5877850692315606 -0.8090171273764539
vn 0 -0.8937613964084871 0.448542714008322
vn 0 -0.8137729131063781 0.581182971098052
vn 0 -0.8937613964084871 0.448542714008322
vn 0 -0.8137729131063781 0.581182971098052
vn 0 -0.8937613964084871 0.448542714008322
vn 0 -0.8137729131063781 0.581182971098052
vn 0 -0.02118999007162528 -0.9997754669528377
vn 0 -0.3090159462482613 -0.9510568568515194
vn 0 -0.02118999007162528 -0.9997754669528377
vn 0 -0.3090159462482613 -0.9510568568515194
vn 0 -0.02118999007162528 -0.9997754669528377
vn 0 -0.3090159462482613 -0.9510568568515194
vn 0 -0.8137729131063781 0.581182971098052
vn 0 -0.7189061499556069 0.6951071482555813
vn 0 -0.8137729131063781 0.581182971098052
vn 0 -0.7189061499556069 0.6951071482555813
vn 0 -0.8137729131063781 0.581182971098052
vn 0 -0.7189061499556069 0.6951071482555813
vn 0 -0.02118999007162528 -0.9997754669528377
vn 0 -0.02118999007162528 -0.9997754669528377
vn 0 0.02118999007162528 -0.9997754669528377
vn 0 0.02118999007162528 -0.9997754669528377
vn 0 0.02118999007162528 -0.9997754669528377
vn 0 -0.02118999007162528 -0.9997754669528377
vn 0 -0.7189061499556069 0.6951071482555813
vn 0 -0.6969209456182466 0.7171479593212051
vn 0 -0.7189061499556069 0.6951071482555813
vn 0 -0.6969209456182466 0.7171479593212051
vn 0 -0.7189061499556069 0.6951071482555813
vn 0 -0.6969209456182466 0.7171479593212051
vn 0 0.3090159462482613 -0.9510568568515194
vn 0 0.02118999007162528 -0.9997754669528377
vn 0 0.3090159462482613 -0.9510568568515194
vn 0 0.02118999007162528 -0.9997754669528377
vn 0 0.3090159462482613 -0.9510568568515194
vn 0 0.02118999007162528 -0.9997754669528377
vn 0 -0.6969209456182466 0.7171479593212051
vn 0 -0.31674702109686786 0.94851005510024
vn 0 -0.6969209456182466 0.7171479593212051
vn 0 -0.31674702109686786 0.94851005510024
vn 0 -0.6969209456182466 0.7171479593212051
vn 0 -0.31674702109686786 0.94851005510024
vn 0 0.5877850692315606 -0.8090171273764539
vn 0 0.3090159462482613 -0.9510568568515194
vn 0 0.5877850692315606 -0.8090171273764539
vn 0 0.3090159462482613 -0.9510568568515194
vn 0 0.5877850692315606 -0.8090171273764539
vn 0 0.3090159462482613 -0.9510568568515194
vn 0 -0.31674702109686786 0.94851005510024
vn 0 0.15040996264667594 0.9886237115994263
vn 0 -0.31674702109686786 0.94851005510024
vn 0 0.15040996264667594 0.9886237115994263
vn 0 -0.31674702109686786 0.94851005510024
vn 0 0.15040996264667594 0.9886237115994263
vn 0 0.8090187732832874 -0.5877828038274042
vn 0 0.8090187732832874 -0.5877828038274042
vn 0 0.5877850692315606 -0.8090171273764539
vn 0 0.5877850692315606 -0.8090171273764539
vn 0 0.5877850692315606 -0.8090171273764539
vn 0 0.8090187732832874 -0.5877828038274042
vn 0 0.15040996264667594 0.9886237115994263
vn 0 0.5844917426722814 0.8113996566106737
vn 0 0.15040996264667594 0.9886237115994263
vn 0 0.5844917426722814 0.8113996566106737
vn 0 0.15040996264667594 0.9886237115994263
vn 0 0.5844917426722814 0.8113996566106737
vn 0 0.9510571537609264 -0.3090150324501473
vn 0 0.9510571537609264 -0.3090150324501473
vn 0 0.8090187732832874 -0.5877828038274042
vn 0 0.8090187732832874 -0.5877828038274042
vn 0 0.8090187732832874 -0.5877828038274042
vn 0 0.9510571537609264 -0.3090150324501473
vn 0 0.5844917426722814 0.8113996566106737
vn 0 0.5844917426722814 0.8113996566106737
vn 0 0.8900807437954067 0.4558028845066866
vn 0 0.8900807437954067 0.4558028845066866
vn 0 0.8900807437954067 0.4558028845066866
vn 0 0.5844917426722814 0.8113996566106737
vn 0 0.9999992799992062 -0.0012000004454385033
vn 0 0.9999992799992062 -0.0012000004454385033
vn 0 0.9510571537609264 -0.3090150324501473
vn 0 0.9510571537609264 -0.3090150324501473
vn 0 0.9510571537609264 -0.3090150324501473
vn 0 0.9999992799992062 -0.0012000004454385033
vn 0 0.8900807437954067 0.4558028845066866
vn 0 0.8900807437954067 0.4558028845066866
vn 0 0.9999978843735087 0.002056999880145314
vn 0 0.9999978843735087 0.002056999880145314
vn 0 0.9999978843735087 0.002056999880145314
vn 0 0.8900807437954067 0.4558028845066866
vn 0 1 0
vn 0 0.9999992799992062 -0.0012000004454385033
vn 0 0.9999992799992062 -0.0012000004454385033
vn 0 0.9999978843735087 0.002056999880145314
vn 0 0.9999992799992062 -0.0012000004454385033
vn 0 1 0
vn 0 1 0
vn 0 0.9999978843735087 0.002056999880145314
vn 0 0.9999978843735087 0.002056999880145314
vn -0.25880695029838674 0.8924038034992404 0.3696409257337955
vn -0.010043000308127555 0.9238350532765366 0.3826590290093126
vn -0.010928999589576846 0.999939020512307 0.0015849999555394422
vn -0.25880695029838674 0.8924038034992404 0.3696409257337955
vn -0.010928999589576846 0.999939020512307 0.0015849999555394422
vn -0.25889203674786837 0.9659051648809881 0.00145800026456767
vn -0.7071994962203202 0.7070135297332732 0.0008609993167893754
vn -0.8209111191403226 0.40379605222359777 0.40379906225797585
vn -0.7071168024233639 0.6532727662470815 0.2705929056912678
vn -0.8209111191403226 0.40379605222359777 0.40379906225797585
vn -0.7071994962203202 0.7070135297332732 0.0008609993167893754
vn -0.8512950193621788 0.5246870075818098 0.000577999994374462
vn -0.8512950193621788 0.5246870075818098 0.000577999994374462
vn -0.999999999856 0.000012000000422722262 0.000012000000422722262
vn -0.8209111191403226 0.40379605222359777 0.40379906225797585
vn -0.999999999856 0.000012000000422722262 0.000012000000422722262
vn -0.8512950193621788 0.5246870075818098 0.000577999994374462
vn -0.9999923089191513 0.003922001216768799 0.000003000001057920502
vn -0.8512950193621788 0.5246870075818098 0.000577999994374462
vn -0.8512950193621788 0.5246870075818098 -0.000577999994374462
vn -0.9999923089191513 0.003922001216768799 0.000003000001057920502
vn -0.9999923089191513 0.003922001216768799 0.000003000001057920502
vn -0.8512950193621788 0.5246870075818098 -0.000577999994374462
vn -0.9999923089191513 0.003922001216768799 -0.000003000001057920502
vn -0.7071994962203202 0.7070135297332732 0.0008609993167893754
vn -0.7071994962203202 0.7070135297332732 -0.0008609993167893754
vn -0.8512950193621788 0.5246870075818098 0.000577999994374462
vn -0.8512950193621788 0.5246870075818098 0.000577999994374462
vn -0.7071994962203202 0.7070135297332732 -0.0008609993167893754
vn -0.8512950193621788 0.5246870075818098 -0.000577999994374462
vn -0.010928999589576846 0.999939020512307 0.0015849999555394422
vn -0.25889203674786837 0.9659051648809881 -0.00145800026456767
vn -0.25889203674786837 0.9659051648809881 0.00145800026456767
vn -0.25889203674786837 0.9659051648809881 -0.00145800026456767
vn -0.010928999589576846 0.999939020512307 0.0015849999555394422
vn -0.010928999589576846 0.999939020512307 -0.0015849999555394422
vn -0.8512950193621788 0.5246870075818098 -0.000577999994374462
vn -0.999999999856 0.000012000000422722262 -0.000012000000422722262
vn -0.9999923089191513 0.003922001216768799 -0.000003000001057920502
vn -0.999999999856 0.000012000000422722262 -0.000012000000422722262
vn -0.8512950193621788 0.5246870075818098 -0.000577999994374462
vn -0.8209114435410146 0.4037952307333502 -0.4037992242444357
vn -0.7071994962203202 0.7070135297332732 -0.0008609993167893754
vn -0.8209114435410146 0.4037952307333502 -0.4037992242444357
vn -0.8512950193621788 0.5246870075818098 -0.000577999994374462
vn -0.8209114435410146 0.4037952307333502 -0.4037992242444357
vn -0.7071994962203202 0.7070135297332732 -0.0008609993167893754
vn -0.7071172544245962 0.6532722068605132 -0.2705930750012201
vn -0.010928999589576846 0.999939020512307 -0.0015849999555394422
vn -0.2588179420645494 0.8923997917444216 -0.36964291493275564
vn -0.25889203674786837 0.9659051648809881 -0.00145800026456767
vn -0.2588179420645494 0.8923997917444216 -0.36964291493275564
vn -0.010928999589576846 0.999939020512307 -0.0015849999555394422
vn -0.010044005060655437 0.9238324769878227 -0.3826652223875141
vn -0.99965753321866 -0.026168987717983986 0.00001899999047005777
vn -0.9999918553168441 -0.004035999377597633 -0.000002999999536009894
vn -0.8512950193621788 -0.5246870075818098 0.000577999994374462
vn -0.8512950193621788 -0.5246870075818098 0.000577999994374462
vn -0.9999918553168441 -0.004035999377597633 -0.000002999999536009894
vn -0.8512950193621788 -0.5246870075818098 -0.000577999994374462
vn -0.8512950193621788 -0.5246870075818098 0.000577999994374462
vn -0.8512950193621788 -0.5246870075818098 -0.000577999994374462
vn -0.7071994962203202 -0.7070135297332732 0.0008609993167893754
vn -0.7071994962203202 -0.7070135297332732 0.0008609993167893754
vn -0.8512950193621788 -0.5246870075818098 -0.000577999994374462
vn -0.7071994962203202 -0.7070135297332732 -0.0008609993167893754
vn -0.25889203674786837 -0.9659051648809881 0.00145800026456767
vn -0.25889203674786837 -0.9659051648809881 -0.00145800026456767
vn -0.010928999589576846 -0.999939020512307 0.0015849999555394422
vn -0.010928999589576846 -0.999939020512307 0.0015849999555394422
vn -0.25889203674786837 -0.9659051648809881 -0.00145800026456767
vn -0.010928999589576846 -0.999939020512307 -0.0015849999555394422
vn -0.25889203674786837 -0.9659051648809881 -0.00145800026456767
vn -0.2588179420645494 -0.8923997917444216 -0.36964291493275564
vn -0.010928999589576846 -0.999939020512307 -0.0015849999555394422
vn -0.010928999589576846 -0.999939020512307 -0.0015849999555394422
vn -0.2588179420645494 -0.8923997917444216 -0.36964291493275564
vn -0.010044005060655437 -0.9238324769878227 -0.3826652223875141
vn -0.8512950193621788 -0.5246870075818098 -0.000577999994374462
vn -0.8209114435410146 -0.4037952307333502 -0.4037992242444357
vn -0.7071994962203202 -0.7070135297332732 -0.0008609993167893754
vn -0.7071168024233639 -0.6532727662470815 -0.2705929056912678
vn -0.7071994962203202 -0.7070135297332732 -0.0008609993167893754
vn -0.8209114435410146 -0.4037952307333502 -0.4037992242444357
vn -0.8209114435410146 -0.4037952307333502 -0.4037992242444357
vn -0.8512950193621788 -0.5246870075818098 -0.000577999994374462
vn -0.999999999856 -0.000012000000422722262 -0.000012000000422722262
vn -0.8512950193621788 -0.5246870075818098 -0.000577999994374462
vn -0.9999918553168441 -0.004035999377597633 -0.000002999999536009894
vn -0.999999999856 -0.000012000000422722262 -0.000012000000422722262
vn -0.8512950193621788 -0.5246870075818098 0.000577999994374462
vn -0.9999999917189997 -0.00009100000094935228 0.00009100000094935228
vn -0.99965753321866 -0.026168987717983986 0.00001899999047005777
vn -0.9999999917189997 -0.00009100000094935228 0.00009100000094935228
vn -0.8512950193621788 -0.5246870075818098 0.000577999994374462
vn -0.8209114435410146 -0.4037952307333502 0.4037992242444357
vn -0.7071994962203202 -0.7070135297332732 0.0008609993167893754
vn -0.8209114435410146 -0.4037952307333502 0.4037992242444357
vn -0.8512950193621788 -0.5246870075818098 0.000577999994374462
vn -0.8209114435410146 -0.4037952307333502 0.4037992242444357
vn -0.7071994962203202 -0.7070135297332732 0.0008609993167893754
vn -0.7071172544245962 -0.6532722068605132 0.2705930750012201
vn -0.25880695029838674 -0.8924038034992404 0.3696409257337955
vn -0.010928999589576846 -0.999939020512307 0.0015849999555394422
vn -0.010043000308127555 -0.9238350532765366 0.3826590290093126
vn -0.010928999589576846 -0.999939020512307 0.0015849999555394422
vn -0.25880695029838674 -0.8924038034992404 0.3696409257337955
vn -0.25889203674786837 -0.9659051648809881 0.00145800026456767
vn -0.8209114435410146 -0.4037952307333502 0.4037992242444357
vn -0.8506922286373904 -0.003961001320066315 0.5256491630398478
vn -0.9999999917189997 -0.00009100000094935228 0.00009100000094935228
vn -0.9999999917189997 -0.00009100000094935228 0.00009100000094935228
vn -0.8506922286373904 -0.003961001320066315 0.5256491630398478
vn -0.999997334193788 -0.00001100000324867165 0.0023090007183054987
vn -0.7071133694328974 -0.2705861269695565 0.6532792899372133
vn -0.707679869304228 -0.0058659985506747956 0.706508876549017
vn -0.8209114435410146 -0.4037952307333502 0.4037992242444357
vn -0.8209114435410146 -0.4037952307333502 0.4037992242444357
vn -0.707679869304228 -0.0058659985506747956 0.706508876549017
vn -0.8506922286373904 -0.003961001320066315 0.5256491630398478
vn -0.010927999510105561 -0.010713999275277985 0.9998828876654688
vn -0.2593010259638108 -0.009875000980889335 0.9657460651174005
vn -0.25882987980934996 -0.36963279339946986 0.8924005218295102
vn -0.010927999510105561 -0.010713999275277985 0.9998828876654688
vn -0.25882987980934996 -0.36963279339946986 0.8924005218295102
vn -0.010044005499677471 -0.38266023232369506 0.923834543926291
vn -0.8506922286373904 0.003961001320066315 0.5256491630398478
vn -0.999997334193788 -0.00001100000324867165 0.0023090007183054987
vn -0.8506922286373904 -0.003961001320066315 0.5256491630398478
vn -0.999997334193788 -0.00001100000324867165 0.0023090007183054987
vn -0.8506922286373904 0.003961001320066315 0.5256491630398478
vn -0.9999998346830277 0.0000029999995130421665 0.0005749999280395397
vn -0.8506922286373904 0.003961001320066315 0.5256491630398478
vn -0.8506922286373904 -0.003961001320066315 0.5256491630398478
vn -0.707679869304228 0.0058659985506747956 0.706508876549017
vn -0.707679869304228 0.0058659985506747956 0.706508876549017
vn -0.8506922286373904 -0.003961001320066315 0.5256491630398478
vn -0.707679869304228 -0.0058659985506747956 0.706508876549017
vn -0.2593010259638108 0.009875000980889335 0.9657460651174005
vn -0.2593010259638108 -0.009875000980889335 0.9657460651174005
vn -0.010927999510105561 0.010713999275277985 0.9998828876654688
vn -0.010927999510105561 0.010713999275277985 0.9998828876654688
vn -0.2593010259638108 -0.009875000980889335 0.9657460651174005
vn -0.010927999510105561 -0.010713999275277985 0.9998828876654688
vn -0.25882987980934996 -0.36963279339946986 -0.8924005218295102
vn -0.010927999510105561 -0.010713999275277985 -0.9998828876654688
vn -0.010044005499677471 -0.38266023232369506 -0.923834543926291
vn -0.010927999510105561 -0.010713999275277985 -0.9998828876654688
vn -0.25882987980934996 -0.36963279339946986 -0.8924005218295102
vn -0.2593010259638108 -0.009875000980889335 -0.9657460651174005
vn -0.707679869304228 -0.0058659985506747956 -0.706508876549017
vn -0.8209114435410146 -0.4037952307333502 -0.4037992242444357
vn -0.8506922286373904 -0.003961001320066315 -0.5256491630398478
vn -0.8209114435410146 -0.4037952307333502 -0.4037992242444357
vn -0.707679869304228 -0.0058659985506747956 -0.706508876549017
vn -0.7071133694328974 -0.2705861269695565 -0.6532792899372133
vn -0.8506922286373904 -0.003961001320066315 -0.5256491630398478
vn -0.999999999856 -0.000012000000422722262 -0.000012000000422722262
vn -0.9999998346830277 -0.0000029999995130421665 -0.0005749999280395397
vn -0.999999999856 -0.000012000000422722262 -0.000012000000422722262
vn -0.8506922286373904 -0.003961001320066315 -0.5256491630398478
vn -0.8209114435410146 -0.4037952307333502 -0.4037992242444357
vn -0.999999999856 0.000012000000422722262 0.000012000000422722262
vn -0.8506922286373904 0.003961001320066315 0.5256491630398478
vn -0.8209111191403226 0.40379605222359777 0.40379906225797585
vn -0.8506922286373904 0.003961001320066315 0.5256491630398478
vn -0.999999999856 0.000012000000422722262 0.000012000000422722262
vn -0.9999998346830277 0.0000029999995130421665 0.0005749999280395397
vn -0.8209111191403226 0.40379605222359777 0.40379906225797585
vn -0.707679869304228 0.0058659985506747956 0.706508876549017
vn -0.7071133694328974 0.2705861269695565 0.6532792899372133
vn -0.707679869304228 0.0058659985506747956 0.706508876549017
vn -0.8209111191403226 0.40379605222359777 0.40379906225797585
vn -0.8506922286373904 0.003961001320066315 0.5256491630398478
vn -0.25882987980934996 0.36963279339946986 0.8924005218295102
vn -0.010927999510105561 0.010713999275277985 0.9998828876654688
vn -0.010044005499677471 0.38266023232369506 0.923834543926291
vn -0.010927999510105561 0.010713999275277985 0.9998828876654688
vn -0.25882987980934996 0.36963279339946986 0.8924005218295102
vn -0.2593010259638108 0.009875000980889335 0.9657460651174005
vn -0.8506922286373904 0.003961001320066315 -0.5256491630398478
vn -0.9999998346830277 0.0000029999995130421665 -0.0005749999280395397
vn -0.999999999856 0.000012000000422722262 -0.000012000000422722262
vn -0.999999999856 0.000012000000422722262 -0.000012000000422722262
vn -0.8209114435410146 0.4037952307333502 -0.4037992242444357
vn -0.8506922286373904 0.003961001320066315 -0.5256491630398478
vn -0.8506922286373904 0.003961001320066315 -0.5256491630398478
vn -0.8209114435410146 0.4037952307333502 -0.4037992242444357
vn -0.707679869304228 0.0058659985506747956 -0.706508876549017
vn -0.8209114435410146 0.4037952307333502 -0.4037992242444357
vn -0.7071133694328974 0.2705861269695565 -0.6532792899372133
vn -0.707679869304228 0.0058659985506747956 -0.706508876549017
vn -0.010927999510105561 0.010713999275277985 -0.9998828876654688
vn -0.2593010259638108 0.009875000980889335 -0.9657460651174005
vn -0.25882987980934996 0.36963279339946986 -0.8924005218295102
vn -0.010927999510105561 0.010713999275277985 -0.9998828876654688
vn -0.25882987980934996 0.36963279339946986 -0.8924005218295102
vn -0.010044005499677471 0.38266023232369506 -0.923834543926291
vn -0.8506922286373904 0.003961001320066315 -0.5256491630398478
vn -0.8506922286373904 -0.003961001320066315 -0.5256491630398478
vn -0.9999998346830277 0.0000029999995130421665 -0.0005749999280395397
vn -0.9999998346830277 -0.0000029999995130421665 -0.0005749999280395397
vn -0.9999998346830277 0.0000029999995130421665 -0.0005749999280395397
vn -0.8506922286373904 -0.003961001320066315 -0.5256491630398478
vn -0.8506922286373904 -0.003961001320066315 -0.5256491630398478
vn -0.8506922286373904 0.003961001320066315 -0.5256491630398478
vn -0.707679869304228 -0.0058659985506747956 -0.706508876549017
vn -0.707679869304228 -0.0058659985506747956 -0.706508876549017
vn -0.8506922286373904 0.003961001320066315 -0.5256491630398478
vn -0.707679869304228 0.0058659985506747956 -0.706508876549017
vn -0.2593010259638108 -0.009875000980889335 -0.9657460651174005
vn -0.2593010259638108 0.009875000980889335 -0.9657460651174005
vn -0.010927999510105561 -0.010713999275277985 -0.9998828876654688
vn -0.010927999510105561 -0.010713999275277985 -0.9998828876654688
vn -0.2593010259638108 0.009875000980889335 -0.9657460651174005
vn -0.010927999510105561 0.010713999275277985 -0.9998828876654688
vn 0 0.9999987391278072 0.001587999620806673
vn 0 0.9999987391278072 -0.001587999620806673
vn -0.010928999589576846 0.999939020512307 0.0015849999555394422
vn -0.010928999589576846 0.999939020512307 0.0015849999555394422
vn 0 0.9999987391278072 -0.001587999620806673
vn -0.010928999589576846 0.999939020512307 -0.0015849999555394422
vn -1 0 0
vn -0.99965753321866 -0.026168987717983986 0.00001899999047005777
vn -1 0 0
vn -1 0 0
vn -0.9999918553168441 -0.004035999377597633 -0.000002999999536009894
vn -1 0 0
vn -0.9999918553168441 -0.004035999377597633 -0.000002999999536009894
vn -0.99965753321866 -0.026168987717983986 0.00001899999047005777
vn -1 0 0
vn -0.999997334193788 -0.00001100000324867165 0.0023090007183054987
vn -1 0 0
vn -1 0 0
vn -0.999997334193788 -0.00001100000324867165 0.0023090007183054987
vn -1 0 0
vn -0.99965753321866 -0.026168987717983986 0.00001899999047005777
vn -0.999997334193788 -0.00001100000324867165 0.0023090007183054987
vn -0.99965753321866 -0.026168987717983986 0.00001899999047005777
vn -0.9999999917189997 -0.00009100000094935228 0.00009100000094935228
vn -1 0 0
vn -0.999997334193788 -0.00001100000324867165 0.0023090007183054987
vn -1 0 0
vn -0.99965753321866 -0.026168987717983986 0.00001899999047005777
vn -1 0 0
vn -1 0 0
vn -0.99965753321866 -0.026168987717983986 0.00001899999047005777
vn -1 0 0
vn -1 0 0
vn -0.99965753321866 -0.026168987717983986 0.00001899999047005777
vn -1 0 0
vn -1 0 0
vn -0.9999918553168441 -0.004035999377597633 -0.000002999999536009894
vn -1 0 0
vn -1 0 0
vn -0.9999918553168441 -0.004035999377597633 -0.000002999999536009894
vn -1 0 0
vn -1 0 0
vn -0.9999918553168441 -0.004035999377597633 -0.000002999999536009894
vn -1 0 0
vn -1 0 0
vn -0.9999918553168441 -0.004035999377597633 -0.000002999999536009894
vn -1 0 0
vn -1 0 0
vn -1 0 0
vn -0.9999918553168441 -0.004035999377597633 -0.000002999999536009894
vn -1 0 0
vn -1 0 0
vn -0.9999918553168441 -0.004035999377597633 -0.000002999999536009894
vn -1 0 0
vn -0.9999923089191513 0.003922001216768799 -0.000003000001057920502
vn -1 0 0
vn -1 0 0
vn -0.9999923089191513 0.003922001216768799 0.000003000001057920502
vn -0.9999998346830277 0.0000029999995130421665 0.0005749999280395397
vn -0.999999999856 0.000012000000422722262 0.000012000000422722262
vn -0.9999923089191513 0.003922001216768799 -0.000003000001057920502
vn -0.9999918553168441 -0.004035999377597633 -0.000002999999536009894
vn -1 0 0
vn -0.9999923089191513 0.003922001216768799 -0.000003000001057920502
vn -1 0 0
vn -1 0 0
vn -0.9999918553168441 -0.004035999377597633 -0.000002999999536009894
vn -0.9999998346830277 -0.0000029999995130421665 -0.0005749999280395397
vn -0.999999999856 -0.000012000000422722262 -0.000012000000422722262
vn -0.9999918553168441 -0.004035999377597633 -0.000002999999536009894
vn -0.9999923089191513 0.003922001216768799 -0.000003000001057920502
vn -0.9999998346830277 0.0000029999995130421665 -0.0005749999280395397
vn -0.9999923089191513 0.003922001216768799 -0.000003000001057920502
vn -1 0 0
vn -1 0 0
vn -0.9999923089191513 0.003922001216768799 -0.000003000001057920502
vn -1 0 0
vn -1 0 0
vn -1 0 0
vn -0.9999998346830277 0.0000029999995130421665 0.0005749999280395397
vn -1 0 0
vn -1 0 0
vn -0.9999923089191513 0.003922001216768799 0.000003000001057920502
vn -1 0 0
vn -0.9999998346830277 0.0000029999995130421665 0.0005749999280395397
vn -1 0 0
vn -1 0 0
vn -0.9999998346830277 0.0000029999995130421665 0.0005749999280395397
vn -1 0 0
vn -1 0 0
vn -1 0 0
vn -0.9999998346830277 0.0000029999995130421665 0.0005749999280395397
vn -1 0 0
vn -1 0 0
vn -0.9999998346830277 0.0000029999995130421665 0.0005749999280395397
vn -1 0 0
vn -0.999997334193788 -0.00001100000324867165 0.0023090007183054987
vn -0.9999998346830277 0.0000029999995130421665 0.0005749999280395397
vn -1 0 0
vn -0.999997334193788 -0.00001100000324867165 0.0023090007183054987
vn -1 0 0
vn -1 0 0
vn -0.9999998346830277 0.0000029999995130421665 0.0005749999280395397
vn -0.9999923089191513 0.003922001216768799 0.000003000001057920502
vn -1 0 0
vn -0.9999923089191513 0.003922001216768799 0.000003000001057920502
vn -0.9999923089191513 0.003922001216768799 -0.000003000001057920502
vn -1 0 0
vn -0.9999998346830277 0.0000029999995130421665 -0.0005749999280395397
vn -0.9999923089191513 0.003922001216768799 -0.000003000001057920502
vn -0.999999999856 0.000012000000422722262 -0.000012000000422722262
vn -0.9999998346830277 -0.0000029999995130421665 -0.0005749999280395397
vn -0.9999918553168441 -0.004035999377597633 -0.000002999999536009894
vn -0.9999998346830277 0.0000029999995130421665 -0.0005749999280395397
vn 0 0.9999987391278072 0.001587999620806673
vn -0.010928999589576846 0.999939020512307 0.0015849999555394422
vn 0 0.923881818460338 0.3826779135492655
vn -0.010043000308127555 0.9238350532765366 0.3826590290093126
vn 0 0.923881818460338 0.3826779135492655
vn -0.010928999589576846 0.999939020512307 0.0015849999555394422
vn 0 0.9238789059035009 -0.382684945126602
vn -0.010044005060655437 0.9238324769878227 -0.3826652223875141
vn 0 0.9999987391278072 -0.001587999620806673
vn -0.010928999589576846 0.999939020512307 -0.0015849999555394422
vn 0 0.9999987391278072 -0.001587999620806673
vn -0.010044005060655437 0.9238324769878227 -0.3826652223875141
vn -0.010044005499677471 -0.38266023232369506 -0.923834543926291
vn 0 -0.010735003099737794 -0.9999423781940879
vn 0 -0.3826799848677602 -0.923880960503901
vn 0 -0.010735003099737794 -0.9999423781940879
vn -0.010044005499677471 -0.38266023232369506 -0.923834543926291
vn -0.010927999510105561 -0.010713999275277985 -0.9998828876654688
vn -0.010928999589576846 -0.999939020512307 -0.0015849999555394422
vn 0 -0.9238789059035009 -0.382684945126602
vn 0 -0.9999987391278072 -0.001587999620806673
vn 0 -0.9238789059035009 -0.382684945126602
vn -0.010928999589576846 -0.999939020512307 -0.0015849999555394422
vn -0.010044005060655437 -0.9238324769878227 -0.3826652223875141
vn -0.010928999589576846 -0.999939020512307 0.0015849999555394422
vn -0.010928999589576846 -0.999939020512307 -0.0015849999555394422
vn 0 -0.9999987391278072 0.001587999620806673
vn 0 -0.9999987391278072 0.001587999620806673
vn -0.010928999589576846 -0.999939020512307 -0.0015849999555394422
vn 0 -0.9999987391278072 -0.001587999620806673
vn -0.010043000308127555 -0.9238350532765366 0.3826590290093126
vn 0 -0.9999987391278072 0.001587999620806673
vn 0 -0.923881818460338 0.3826779135492655
vn 0 -0.9999987391278072 0.001587999620806673
vn -0.010043000308127555 -0.9238350532765366 0.3826590290093126
vn -0.010928999589576846 -0.999939020512307 0.0015849999555394422
vn -0.010927999510105561 -0.010713999275277985 0.9998828876654688
vn 0 -0.3826799848677602 0.923880960503901
vn 0 -0.010735003099737794 0.9999423781940879
vn 0 -0.3826799848677602 0.923880960503901
vn -0.010927999510105561 -0.010713999275277985 0.9998828876654688
vn -0.010044005499677471 -0.38266023232369506 0.923834543926291
vn -0.010927999510105561 0.010713999275277985 0.9998828876654688
vn -0.010927999510105561 -0.010713999275277985 0.9998828876654688
vn 0 0.010735003099737794 0.9999423781940879
vn 0 0.010735003099737794 0.9999423781940879
vn -0.010927999510105561 -0.010713999275277985 0.9998828876654688
vn 0 -0.010735003099737794 0.9999423781940879
vn -0.010044005499677471 0.38266023232369506 0.923834543926291
vn 0 0.010735003099737794 0.9999423781940879
vn 0 0.3826799848677602 0.923880960503901
vn 0 0.010735003099737794 0.9999423781940879
vn -0.010044005499677471 0.38266023232369506 0.923834543926291
vn -0.010927999510105561 0.010713999275277985 0.9998828876654688
vn -0.010927999510105561 0.010713999275277985 -0.9998828876654688
vn 0 0.3826799848677602 -0.923880960503901
vn 0 0.010735003099737794 -0.9999423781940879
vn 0 0.3826799848677602 -0.923880960503901
vn -0.010927999510105561 0.010713999275277985 -0.9998828876654688
vn -0.010044005499677471 0.38266023232369506 -0.923834543926291
vn -0.010927999510105561 -0.010713999275277985 -0.9998828876654688
vn -0.010927999510105561 0.010713999275277985 -0.9998828876654688
vn 0 -0.010735003099737794 -0.9999423781940879
vn 0 -0.010735003099737794 -0.9999423781940879
vn -0.010927999510105561 0.010713999275277985 -0.9998828876654688
vn 0 0.010735003099737794 -0.9999423781940879
f 1/1/1 2/2/2 3/3/3
f 4/4/4 5/5/5 6/6/6
f 7/7/7 8/8/8 9/9/9
f 10/10/10 11/11/11 12/12/12
f 13/13/13 14/14/14 15/15/15
f 16/16/16 17/17/17 18/18/18
f 19/19/19 20/20/20 21/21/21
f 22/22/22 23/23/23 24/24/24
f 25/25/25 26/26/26 27/27/27
f 28/28/28 29/29/29 30/30/30
f 31/31/31 32/32/32 33/33/33
f 34/34/34 35/35/35 36/36/36
f 37/37/37 38/38/38 39/39/39
f 40/40/40 41/41/41 42/42/42
f 43/43/43 44/44/44 45/45/45
f 46/46/46 47/47/47 48/48/48
f 49/49/49 50/50/50 51/51/51
f 52/52/52 53/53/53 54/54/54
f 55/55/55 56/56/56 57/57/57
f 58/58/58 59/59/59 60/60/60
f 61/61/61 62/62/62 63/63/63
f 64/64/64 65/65/65 66/66/66
f 67/67/67 68/68/68 69/69/69
f 70/70/70 71/71/71 72/72/72
f 73/73/73 74/74/74 75/75/75
f 76/76/76 77/77/77 78/78/78
f 79/79/79 80/80/80 81/81/81
f 82/82/82 83/83/83 84/84/84
f 85/85/85 86/86/86 87/87/87
f 88/88/88 89/89/89 90/90/90
f 91/91/91 92/92/92 93/93/93
f 94/94/94 95/95/95 96/96/96
f 97/97/97 98/98/98 99/99/99
f 100/100/100 101/101/101 102/102/102
f 103/103/103 104/104/104 105/105/105
f 106/106/106 107/107/107 108/108/108
f 109/109/109 110/110/110 111/111/111
f 112/112/112 113/113/113 114/114/114
f 115/115/115 116/116/116 117/117/117
f 118/118/118 119/119/119 120/120/120
f 121/121/121 122/122/122 123/123/123
f 124/124/124 125/125/125 126/126/126
f 127/127/127 128/128/128 129/129/129
f 130/130/130 131/131/131 132/132/132
f 133/133/133 134/134/134 135/135/135
f 136/136/136 137/137/137 138/138/138
f 139/139/139 140/140/140 141/141/141
f 142/142/142 143/143/143 144/144/144
f 145/145/145 146/146/146 147/147/147
f 148/148/148 149/149/149 150/150/150
f 151/151/151 152/152/152 153/153/153
f 154/154/154 155/155/155 156/156/156
f 157/157/157 158/158/158 159/159/159
f 160/160/160 161/161/161 162/162/162
f 163/163/163 164/164/164 165/165/165
f 166/166/166 167/167/167 168/168/168
f 169/169/169 170/170/170 171/171/171
f 172/172/172 173/173/173 174/174/174
f 175/175/175 176/176/176 177/177/177
f 178/178/178 179/179/179 180/180/180
f 181/181/181 182/182/182 183/183/183
f 184/184/184 185/185/185 186/186/186
f 187/187/187 188/188/188 189/189/189
f 190/190/190 191/191/191 192/192/192
f 193/193/193 194/194/194 195/195/195
f 196/196/196 197/197/197 198/198/198
f 199/199/199 200/200/200 201/201/201
f 202/202/202 203/203/203 204/204/204
f 205/205/205 206/206/206 207/207/207
f 208/208/208 209/209/209 210/210/210
f 211/211/211 212/212/212 213/213/213
f 214/214/214 215/215/215 216/216/216
f 217/217/217 218/218/218 219/219/219
f 220/220/220 221/221/221 222/222/222
f 223/223/223 224/224/224 225/225/225
f 226/226/226 227/227/227 228/228/228
f 229/229/229 230/230/230 231/231/231
f 232/232/232 233/233/233 234/234/234
f 235/235/235 236/236/236 237/237/237
f 238/238/238 239/239/239 240/240/240
f 241/241/241 242/242/242 243/243/243
f 244/244/244 245/245/245 246/246/246
f 247/247/247 248/248/248 249/249/249
f 250/250/250 251/251/251 252/252/252
f 253/253/253 254/254/254 255/255/255
f 256/256/256 257/257/257 258/258/258
f 259/259/259 260/260/260 261/261/261
f 262/262/262 263/263/263 264/264/264
f 265/265/265 266/266/266 267/267/267
f 268/268/268 269/269/269 270/270/270
f 271/271/271 272/272/272 273/273/273
f 274/274/274 275/275/275 276/276/276
f 277/277/277 278/278/278 279/279/279
f 280/280/280 281/281/281 282/282/282
f 283/283/283 284/284/284 285/285/285
f 286/286/286 287/287/287 288/288/288
f 289/289/289 290/290/290 291/291/291
f 292/292/292 293/293/293 294/294/294
f 295/295/295 296/296/296 297/297/297
f 298/298/298 299/299/299 300/300/300
f 301/301/301 302/302/302 303/303/303
f 304/304/304 305/305/305 306/306/306
f 307/307/307 308/308/308 309/309/309
f 310/310/310 311/311/311 312/312/312
f 313/313/313 314/314/314 315/315/315
f 316/316/316 317/317/317 318/318/318
f 319/319/319 320/320/320 321/321/321
f 322/322/322 323/323/323 324/324/324
f 325/325/325 326/326/326 327/327/327
f 328/328/328 329/329/329 330/330/330
f 331/331/331 332/332/332 333/333/333
f 334/334/334 335/335/335 336/336/336
f 337/337/337 338/338/338 339/339/339
f 340/340/340 341/341/341 342/342/342
f 343/343/343 344/344/344 345/345/345
f 346/346/346 347/347/347 348/348/348
f 349/349/349 350/350/350 351/351/351
f 352/352/352 353/353/353 354/354/354
f 355/355/355 356/356/356 357/357/357
f 358/358/358 359/359/359 360/360/360
f 361/361/361 362/362/362 363/363/363
f 364/364/364 365/365/365 366/366/366
f 367/367/367 368/368/368 369/369/369
f 370/370/370 371/371/371 372/372/372
f 373/373/373 374/374/374 375/375/375
f 376/376/376 377/377/377 378/378/378
f 379/379/379 380/380/380 381/381/381
f 382/382/382 383/383/383 384/384/384
f 385/385/385 386/386/386 387/387/387
f 388/388/388 389/389/389 390/390/390
f 391/391/391 392/392/392 393/393/393
f 394/394/394 395/395/395 396/396/396
f 397/397/397 398/398/398 399/399/399
f 400/400/400 401/401/401 402/402/402
f 403/403/403 404/404/404 405/405/405
f 406/406/406 407/407/407 408/408/408
f 409/409/409 410/410/410 411/411/411
f 412/412/412 413/413/413 414/414/414
f 415/415/415 416/416/416 417/417/417
f 418/418/418 419/419/419 420/420/420
f 421/421/421 422/422/422 423/423/423
f 424/424/424 425/425/425 426/426/426
f 427/427/427 428/428/428 429/429/429
f 430/430/430 431/431/431 432/432/432
f 433/433/433 434/434/434 435/435/435
f 436/436/436 437/437/437 438/438/438
f 439/439/439 440/440/440 441/441/441
f 442/442/442 443/443/443 444/444/444
f 445/445/445 446/446/446 447/447/447
f 448/448/448 449/449/449 450/450/450
f 451/451/451 452/452/452 453/453/453
f 454/454/454 455/455/455 456/456/456
f 457/457/457 458/458/458 459/459/459
f 460/460/460 461/461/461 462/462/462
f 463/463/463 464/464/464 465/465/465
f 466/466/466 467/467/467 468/468/468
f 469/469/469 470/470/470 471/471/471
f 472/472/472 473/473/473 474/474/474
f 475/475/475 476/476/476 477/477/477
f 478/478/478 479/479/479 480/480/480
f 481/481/481 482/482/482 483/483/483
f 484/484/484 485/485/485 486/486/486
f 487/487/487 488/488/488 489/489/489
f 490/490/490 491/491/491 492/492/492
f 493/493/493 494/494/494 495/495/495
f 496/496/496 497/497/497 498/498/498
f 499/499/499 500/500/500 501/501/501
f 502/502/502 503/503/503 504/504/504
f 505/505/505 506/506/506 507/507/507
f 508/508/508 509/509/509 510/510/510
f 511/511/511 512/512/512 513/513/513
f 514/514/514 515/515/515 516/516/516
f 517/517/517 518/518/518 519/519/519
f 520/520/520 521/521/521 522/522/522
f 523/523/523 524/524/524 525/525/525
f 526/526/526 527/527/527 528/528/528
f 529/529/529 530/530/530 531/531/531
f 532/532/532 533/533/533 534/534/534
f 535/535/535 536/536/536 537/537/537
f 538/538/538 539/539/539 540/540/540
f 541/541/541 542/542/542 543/543/543
f 544/544/544 545/545/545 546/546/546
f 547/547/547 548/548/548 549/549/549
f 550/550/550 551/551/551 552/552/552
f 553/553/553 554/554/554 555/555/555
f 556/556/556 557/557/557 558/558/558
f 559/559/559 560/560/560 561/561/561
f 562/562/562 563/563/563 564/564/564
f 565/565/565 566/566/566 567/567/567
f 568/568/568 569/569/569 570/570/570
f 571/571/571 572/572/572 573/573/573
f 574/574/574 575/575/575 576/576/576
f 577/577/577 578/578/578 579/579/579
f 580/580/580 581/581/581 582/582/582
f 583/583/583 584/584/584 585/585/585
f 586/586/586 587/587/587 588/588/588
f 589/589/589 590/590/590 591/591/591
f 592/592/592 593/593/593 594/594/594
f 595/595/595 596/596/596 597/597/597
f 598/598/598 599/599/599 600/600/600
f 601/601/601 602/602/602 603/603/603
f 604/604/604 605/605/605 606/606/606
f 607/607/607 608/608/608 609/609/609
f 610/610/610 611/611/611 612/612/612
f 613/613/613 614/614/614 615/615/615
f 616/616/616 617/617/617 618/618/618
f 619/619/619 620/620/620 621/621/621
f 622/622/622 623/623/623 624/624/624
f 625/625/625 626/626/626 627/627/627
f 628/628/628 629/629/629 630/630/630
f 631/631/631 632/632/632 633/633/633
f 634/634/634 635/635/635 636/636/636
f 637/637/637 638/638/638 639/639/639
f 640/640/640 641/641/641 642/642/642
f 643/643/643 644/644/644 645/645/645
f 646/646/646 647/647/647 648/648/648
f 649/649/649 650/650/650 651/651/651
f 652/652/652 653/653/653 654/654/654
f 655/655/655 656/656/656 657/657/657
f 658/658/658 659/659/659 660/660/660
f 661/661/661 662/662/662 663/663/663
f 664/664/664 665/665/665 666/666/666
f 667/667/667 668/668/668 669/669/669
f 670/670/670 671/671/671 672/672/672
f 673/673/673 674/674/674 675/675/675
f 676/676/676 677/677/677 678/678/678
f 679/679/679 680/680/680 681/681/681
f 682/682/682 683/683/683 684/684/684
f 685/685/685 686/686/686 687/687/687
f 688/688/688 689/689/689 690/690/690
f 691/691/691 692/692/692 693/693/693
f 694/694/694 695/695/695 696/696/696
f 697/697/697 698/698/698 699/699/699
f 700/700/700 701/701/701 702/702/702
f 703/703/703 704/704/704 705/705/705
f 706/706/706 707/707/707 708/708/708
f 709/709/709 710/710/710 711/711/711
f 712/712/712 713/713/713 714/714/714
f 715/715/715 716/716/716 717/717/717
f 718/718/718 719/719/719 720/720/720
f 721/721/721 722/722/722 723/723/723
f 724/724/724 725/725/725 726/726/726
f 727/727/727 728/728/728 729/729/729
f 730/730/730 731/731/731 732/732/732
f 733/733/733 734/734/734 735/735/735
f 736/736/736 737/737/737 738/738/738
f 739/739/739 740/740/740 741/741/741
f 742/742/742 743/743/743 744/744/744
f 745/745/745 746/746/746 747/747/747
f 748/748/748 749/749/749 750/750/750
f 751/751/751 752/752/752 753/753/753
f 754/754/754 755/755/755 756/756/756
f 757/757/757 758/758/758 759/759/759
f 760/760/760 761/761/761 762/762/762
f 763/763/763 764/764/764 765/765/765
f 766/766/766 767/767/767 768/768/768
f 769/769/769 770/770/770 771/771/771
f 772/772/772 773/773/773 774/774/774
f 775/775/775 776/776/776 777/777/777
f 778/778/778 779/779/779 780/780/780
f 781/781/781 782/782/782 783/783/783
f 784/784/784 785/785/785 786/786/786
f 787/787/787 788/788/788 789/789/789
f 790/790/790 791/791/791 792/792/792
f 793/793/793 794/794/794 795/795/795
f 796/796/796 797/797/797 798/798/798
f 799/799/799 800/800/800 801/801/801
f 802/802/802 803/803/803 804/804/804
f 805/805/805 806/806/806 807/807/807
f 808/808/808 809/809/809 810/810/810
f 811/811/811 812/812/812 813/813/813
f 814/814/814 815/815/815 816/816/816
f 817/817/817 818/818/818 819/819/819
f 820/820/820 821/821/821 822/822/822
f 823/823/823 824/824/824 825/825/825
f 826/826/826 827/827/827 828/828/828
f 829/829/829 830/830/830 831/831/831
f 832/832/832 833/833/833 834/834/834
f 835/835/835 836/836/836 837/837/837
f 838/838/838 839/839/839 840/840/840
f 841/841/841 842/842/842 843/843/843
f 844/844/844 845/845/845 846/846/846
f 847/847/847 848/848/848 849/849/849
f 850/850/850 851/851/851 852/852/852
f 853/853/853 854/854/854 855/855/855
f 856/856/856 857/857/857 858/858/858
f 859/859/859 860/860/860 861/861/861
f 862/862/862 863/863/863 864/864/864
f 865/865/865 866/866/866 867/867/867
f 868/868/868 869/869/869 870/870/870
f 871/871/871 872/872/872 873/873/873
f 874/874/874 875/875/875 876/876/876
f 877/877/877 878/878/878 879/879/879
f 880/880/880 881/881/881 882/882/882
f 883/883/883 884/884/884 885/885/885
f 886/886/886 887/887/887 888/888/888
f 889/889/889 890/890/890 891/891/891
f 892/892/892 893/893/893 894/894/894
f 895/895/895 896/896/896 897/897/897
f 898/898/898 899/899/899 900/900/900
f 901/901/901 902/902/902 903/903/903
f 904/904/904 905/905/905 906/906/906
f 907/907/907 908/908/908 909/909/909
f 910/910/910 911/911/911 912/912/912
f 913/913/913 914/914/914 915/915/915
f 916/916/916 917/917/917 918/918/918
f 919/919/919 920/920/920 921/921/921
f 922/922/922 923/923/923 924/924/924
f 925/925/925 926/926/926 927/927/927
f 928/928/928 929/929/929 930/930/930
f 931/931/931 932/932/932 933/933/933
f 934/934/934 935/935/935 936/936/936
f 937/937/937 938/938/938 939/939/939
f 940/940/940 941/941/941 942/942/942
f 943/943/943 944/944/944 945/945/945
f 946/946/946 947/947/947 948/948/948
f 949/949/949 950/950/950 951/951/951
f 952/952/952 953/953/953 954/954/954
f 955/955/955 956/956/956 957/957/957
f 958/958/958 959/959/959 960/960/960
f 961/961/961 962/962/962 963/963/963
f 964/964/964 965/965/965 966/966/966
f 967/967/967 968/968/968 969/969/969
f 970/970/970 971/971/971 972/972/972
f 973/973/973 974/974/974 975/975/975
f 976/976/976 977/977/977 978/978/978
f 979/979/979 980/980/980 981/981/981
f 982/982/982 983/983/983 984/984/984
f 985/985/985 986/986/986 987/987/987
f 988/988/988 989/989/989 990/990/990
f 991/991/991 992/992/992 993/993/993
f 994/994/994 995/995/995 996/996/996
f 997/997/997 998/998/998 999/999/999
f 1000/1000/1000 1001/1001/1001 1002/1002/1002
f 1003/1003/1003 1004/1004/1004 1005/1005/1005
f 1006/1006/1006 1007/1007/1007 1008/1008/1008
f 1009/1009/1009 1010/1010/1010 1011/1011/1011
f 1012/1012/1012 1013/1013/1013 1014/1014/1014
f 1015/1015/1015 1016/1016/1016 1017/1017/1017
f 1018/1018/1018 1019/1019/1019 1020/1020/1020
f 1021/1021/1021 1022/1022/1022 1023/1023/1023
f 1024/1024/1024 1025/1025/1025 1026/1026/1026
f 1027/1027/1027 1028/1028/1028 1029/1029/1029
f 1030/1030/1030 1031/1031/1031 1032/1032/1032
f 1033/1033/1033 1034/1034/1034 1035/1035/1035
f 1036/1036/1036 1037/1037/1037 1038/1038/1038
f 1039/1039/1039 1040/1040/1040 1041/1041/1041
f 1042/1042/1042 1043/1043/1043 1044/1044/1044
f 1045/1045/1045 1046/1046/1046 1047/1047/1047
f 1048/1048/1048 1049/1049/1049 1050/1050/1050
f 1051/1051/1051 1052/1052/1052 1053/1053/1053
f 1054/1054/1054 1055/1055/1055 1056/1056/1056
f 1057/1057/1057 1058/1058/1058 1059/1059/1059
f 1060/1060/1060 1061/1061/1061 1062/1062/1062
f 1063/1063/1063 1064/1064/1064 1065/1065/1065
f 1066/1066/1066 1067/1067/1067 1068/1068/1068
f 1069/1069/1069 1070/1070/1070 1071/1071/1071
f 1072/1072/1072 1073/1073/1073 1074/1074/1074
f 1075/1075/1075 1076/1076/1076 1077/1077/1077
f 1078/1078/1078 1079/1079/1079 1080/1080/1080
f 1081/1081/1081 1082/1082/1082 1083/1083/1083
f 1084/1084/1084 1085/1085/1085 1086/1086/1086
f 1087/1087/1087 1088/1088/1088 1089/1089/1089
f 1090/1090/1090 1091/1091/1091 1092/1092/1092
f 1093/1093/1093 1094/1094/1094 1095/1095/1095
f 1096/1096/1096 1097/1097/1097 1098/1098/1098
f 1099/1099/1099 1100/1100/1100 1101/1101/1101
f 1102/1102/1102 1103/1103/1103 1104/1104/1104
f 1105/1105/1105 1106/1106/1106 1107/1107/1107
f 1108/1108/1108 1109/1109/1109 1110/1110/1110
f 1111/1111/1111 1112/1112/1112 1113/1113/1113
f 1114/1114/1114 1115/1115/1115 1116/1116/1116
f 1117/1117/1117 1118/1118/1118 1119/1119/1119
f 1120/1120/1120 1121/1121/1121 1122/1122/1122
f 1123/1123/1123 1124/1124/1124 1125/1125/1125
f 1126/1126/1126 1127/1127/1127 1128/1128/1128
f 1129/1129/1129 1130/1130/1130 1131/1131/1131
f 1132/1132/1132 1133/1133/1133 1134/1134/1134
f 1135/1135/1135 1136/1136/1136 1137/1137/1137
f 1138/1138/1138 1139/1139/1139 1140/1140/1140
f 1141/1141/1141 1142/1142/1142 1143/1143/1143
f 1144/1144/1144 1145/1145/1145 1146/1146/1146
f 1147/1147/1147 1148/1148/1148 1149/1149/1149
f 1150/1150/1150 1151/1151/1151 1152/1152/1152
f 1153/1153/1153 1154/1154/1154 1155/1155/1155
f 1156/1156/1156 1157/1157/1157 1158/1158/1158
f 1159/1159/1159 1160/1160/1160 1161/1161/1161
f 1162/1162/1162 1163/1163/1163 1164/1164/1164
f 1165/1165/1165 1166/1166/1166 1167/1167/1167
f 1168/1168/1168 1169/1169/1169 1170/1170/1170
f 1171/1171/1171 1172/1172/1172 1173/1173/1173
f 1174/1174/1174 1175/1175/1175 1176/1176/1176
f 1177/1177/1177 1178/1178/1178 1179/1179/1179
f 1180/1180/1180 1181/1181/1181 1182/1182/1182
f 1183/1183/1183 1184/1184/1184 1185/1185/1185
f 1186/1186/1186 1187/1187/1187 1188/1188/1188
f 1189/1189/1189 1190/1190/1190 1191/1191/1191
f 1192/1192/1192 1193/1193/1193 1194/1194/1194
f 1195/1195/1195 1196/1196/1196 1197/1197/1197
f 1198/1198/1198 1199/1199/1199 1200/1200/1200
f 1201/1201/1201 1202/1202/1202 1203/1203/1203
f 1204/1204/1204 1205/1205/1205 1206/1206/1206
f 1207/1207/1207 1208/1208/1208 1209/1209/1209
f 1210/1210/1210 1211/1211/1211 1212/1212/1212
f 1213/1213/1213 1214/1214/1214 1215/1215/1215
f 1216/1216/1216 1217/1217/1217 1218/1218/1218
f 1219/1219/1219 1220/1220/1220 1221/1221/1221
f 1222/1222/1222 1223/1223/1223 1224/1224/1224
f 1225/1225/1225 1226/1226/1226 1227/1227/1227
f 1228/1228/1228 1229/1229/1229 1230/1230/1230
f 1231/1231/1231 1232/1232/1232 1233/1233/1233
f 1234/1234/1234 1235/1235/1235 1236/1236/1236
f 1237/1237/1237 1238/1238/1238 1239/1239/1239
f 1240/1240/1240 1241/1241/1241 1242/1242/1242
f 1243/1243/1243 1244/1244/1244 1245/1245/1245
f 1246/1246/1246 1247/1247/1247 1248/1248/1248
f 1249/1249/1249 1250/1250/1250 1251/1251/1251
f 1252/1252/1252 1253/1253/1253 1254/1254/1254
f 1255/1255/1255 1256/1256/1256 1257/1257/1257
f 1258/1258/1258 1259/1259/1259 1260/1260/1260
f 1261/1261/1261 1262/1262/1262 1263/1263/1263
f 1264/1264/1264 1265/1265/1265 1266/1266/1266
f 1267/1267/1267 1268/1268/1268 1269/1269/1269
f 1270/1270/1270 1271/1271/1271 1272/1272/1272
f 1273/1273/1273 1274/1274/1274 1275/1275/1275
f 1276/1276/1276 1277/1277/1277 1278/1278/1278
f 1279/1279/1279 1280/1280/1280 1281/1281/1281
f 1282/1282/1282 1283/1283/1283 1284/1284/1284
f 1285/1285/1285 1286/1286/1286 1287/1287/1287
f 1288/1288/1288 1289/1289/1289 1290/1290/1290
f 1291/1291/1291 1292/1292/1292 1293/1293/1293
f 1294/1294/1294 1295/1295/1295 1296/1296/1296
f 1297/1297/1297 1298/1298/1298 1299/1299/1299
f 1300/1300/1300 1301/1301/1301 1302/1302/1302
f 1303/1303/1303 1304/1304/1304 1305/1305/1305
f 1306/1306/1306 1307/1307/1307 1308/1308/1308
f 1309/1309/1309 1310/1310/1310 1311/1311/1311
f 1312/1312/1312 1313/1313/1313 1314/1314/1314
f 1315/1315/1315 1316/1316/1316 1317/1317/1317
f 1318/1318/1318 1319/1319/1319 1320/1320/1320
f 1321/1321/1321 1322/1322/1322 1323/1323/1323
f 1324/1324/1324 1325/1325/1325 1326/1326/1326
f 1327/1327/1327 1328/1328/1328 1329/1329/1329
f 1330/1330/1330 1331/1331/1331 1332/1332/1332
f 1333/1333/1333 1334/1334/1334 1335/1335/1335
f 1336/1336/1336 1337/1337/1337 1338/1338/1338
f 1339/1339/1339 1340/1340/1340 1341/1341/1341
f 1342/1342/1342 1343/1343/1343 1344/1344/1344
f 1345/1345/1345 1346/1346/1346 1347/1347/1347
f 1348/1348/1348 1349/1349/1349 1350/1350/1350
f 1351/1351/1351 1352/1352/1352 1353/1353/1353
f 1354/1354/1354 1355/1355/1355 1356/1356/1356
f 1357/1357/1357 1358/1358/1358 1359/1359/1359
f 1360/1360/1360 1361/1361/1361 1362/1362/1362
f 1363/1363/1363 1364/1364/1364 1365/1365/1365
f 1366/1366/1366 1367/1367/1367 1368/1368/1368
f 1369/1369/1369 1370/1370/1370 1371/1371/1371
f 1372/1372/1372 1373/1373/1373 1374/1374/1374
f 1375/1375/1375 1376/1376/1376 1377/1377/1377
f 1378/1378/1378 1379/1379/1379 1380/1380/1380
f 1381/1381/1381 1382/1382/1382 1383/1383/1383
f 1384/1384/1384 1385/1385/1385 1386/1386/1386
f 1387/1387/1387 1388/1388/1388 1389/1389/1389
f 1390/1390/1390 1391/1391/1391 1392/1392/1392
f 1393/1393/1393 1394/1394/1394 1395/1395/1395
f 1396/1396/1396 1397/1397/1397 1398/1398/1398
f 1399/1399/1399 1400/1400/1400 1401/1401/1401
f 1402/1402/1402 1403/1403/1403 1404/1404/1404
f 1405/1405/1405 1406/1406/1406 1407/1407/1407
f 1408/1408/1408 1409/1409/1409 1410/1410/1410
f 1411/1411/1411 1412/1412/1412 1413/1413/1413
f 1414/1414/1414 1415/1415/1415 1416/1416/1416
f 1417/1417/1417 1418/1418/1418 1419/1419/1419
f 1420/1420/1420 1421/1421/1421 1422/1422/1422
f 1423/1423/1423 1424/1424/1424 1425/1425/1425
f 1426/1426/1426 1427/1427/1427 1428/1428/1428
f 1429/1429/1429 1430/1430/1430 1431/1431/1431
f 1432/1432/1432 1433/1433/1433 1434/1434/1434
f 1435/1435/1435 1436/1436/1436 1437/1437/1437
f 1438/1438/1438 1439/1439/1439 1440/1440/1440
f 1441/1441/1441 1442/1442/1442 1443/1443/1443
f 1444/1444/1444 1445/1445/1445 1446/1446/1446
f 1447/1447/1447 1448/1448/1448 1449/1449/1449
f 1450/1450/1450 1451/1451/1451 1452/1452/1452
f 1453/1453/1453 1454/1454/1454 1455/1455/1455
f 1456/1456/1456 1457/1457/1457 1458/1458/1458
f 1459/1459/1459 1460/1460/1460 1461/1461/1461
f 1462/1462/1462 1463/1463/1463 1464/1464/1464
f 1465/1465/1465 1466/1466/1466 1467/1467/1467
f 1468/1468/1468 1469/1469/1469 1470/1470/1470
f 1471/1471/1471 1472/1472/1472 1473/1473/1473
f 1474/1474/1474 1475/1475/1475 1476/1476/1476
f 1477/1477/1477 1478/1478/1478 1479/1479/1479
f 1480/1480/1480 1481/1481/1481 1482/1482/1482
f 1483/1483/1483 1484/1484/1484 1485/1485/1485
f 1486/1486/1486 1487/1487/1487 1488/1488/1488
f 1489/1489/1489 1490/1490/1490 1491/1491/1491
f 1492/1492/1492 1493/1493/1493 1494/1494/1494
f 1495/1495/1495 1496/1496/1496 1497/1497/1497
f 1498/1498/1498 1499/1499/1499 1500/1500/1500
f 1501/1501/1501 1502/1502/1502 1503/1503/1503
f 1504/1504/1504 1505/1505/1505 1506/1506/1506
f 1507/1507/1507 1508/1508/1508 1509/1509/1509
f 1510/1510/1510 1511/1511/1511 1512/1512/1512
f 1513/1513/1513 1514/1514/1514 1515/1515/1515
f 1516/1516/1516 1517/1517/1517 1518/1518/1518
f 1519/1519/1519 1520/1520/1520 1521/1521/1521
f 1522/1522/1522 1523/1523/1523 1524/1524/1524
f 1525/1525/1525 1526/1526/1526 1527/1527/1527
f 1528/1528/1528 1529/1529/1529 1530/1530/1530
f 1531/1531/1531 1532/1532/1532 1533/1533/1533
f 1534/1534/1534 1535/1535/1535 1536/1536/1536
f 1537/1537/1537 1538/1538/1538 1539/1539/1539
f 1540/1540/1540 1541/1541/1541 1542/1542/1542
f 1543/1543/1543 1544/1544/1544 1545/1545/1545
f 1546/1546/1546 1547/1547/1547 1548/1548/1548
f 1549/1549/1549 1550/1550/1550 1551/1551/1551
f 1552/1552/1552 1553/1553/1553 1554/1554/1554
f 1555/1555/1555 1556/1556/1556 1557/1557/1557
f 1558/1558/1558 1559/1559/1559 1560/1560/1560
f 1561/1561/1561 1562/1562/1562 1563/1563/1563
f 1564/1564/1564 1565/1565/1565 1566/1566/1566
f 1567/1567/1567 1568/1568/1568 1569/1569/1569
f 1570/1570/1570 1571/1571/1571 1572/1572/1572
f 1573/1573/1573 1574/1574/1574 1575/1575/1575
f 1576/1576/1576 1577/1577/1577 1578/1578/1578
f 1579/1579/1579 1580/1580/1580 1581/1581/1581
f 1582/1582/1582 1583/1583/1583 1584/1584/1584
f 1585/1585/1585 1586/1586/1586 1587/1587/1587
f 1588/1588/1588 1589/1589/1589 1590/1590/1590
f 1591/1591/1591 1592/1592/1592 1593/1593/1593
f 1594/1594/1594 1595/1595/1595 1596/1596/1596
f 1597/1597/1597 1598/1598/1598 1599/1599/1599
f 1600/1600/1600 1601/1601/1601 1602/1602/1602
f 1603/1603/1603 1604/1604/1604 1605/1605/1605
f 1606/1606/1606 1607/1607/1607 1608/1608/1608
f 1609/1609/1609 1610/1610/1610 1611/1611/1611
f 1612/1612/1612 1613/1613/1613 1614/1614/1614
f 1615/1615/1615 1616/1616/1616 1617/1617/1617
f 1618/1618/1618 1619/1619/1619 1620/1620/1620
f 1621/1621/1621 1622/1622/1622 1623/1623/1623
f 1624/1624/1624 1625/1625/1625 1626/1626/1626
f 1627/1627/1627 1628/1628/1628 1629/1629/1629
f 1630/1630/1630 1631/1631/1631 1632/1632/1632
f 1633/1633/1633 1634/1634/1634 1635/1635/1635
f 1636/1636/1636 1637/1637/1637 1638/1638/1638
f 1639/1639/1639 1640/1640/1640 1641/1641/1641
f 1642/1642/1642 1643/1643/1643 1644/1644/1644
f 1645/1645/1645 1646/1646/1646 1647/1647/1647
f 1648/1648/1648 1649/1649/1649 1650/1650/1650
f 1651/1651/1651 1652/1652/1652 1653/1653/1653
f 1654/1654/1654 1655/1655/1655 1656/1656/1656
f 1657/1657/1657 1658/1658/1658 1659/1659/1659
f 1660/1660/1660 1661/1661/1661 1662/1662/1662
f 1663/1663/1663 1664/1664/1664 1665/1665/1665
f 1666/1666/1666 1667/1667/1667 1668/1668/1668
f 1669/1669/1669 1670/1670/1670 1671/1671/1671
f 1672/1672/1672 1673/1673/1673 1674/1674/1674
f 1675/1675/1675 1676/1676/1676 1677/1677/1677
f 1678/1678/1678 1679/1679/1679 1680/1680/1680
f 1681/1681/1681 1682/1682/1682 1683/1683/1683
f 1684/1684/1684 1685/1685/1685 1686/1686/1686
f 1687/1687/1687 1688/1688/1688 1689/1689/1689
f 1690/1690/1690 1691/1691/1691 1692/1692/1692
f 1693/1693/1693 1694/1694/1694 1695/1695/1695
f 1696/1696/1696 1697/1697/1697 1698/1698/1698
f 1699/1699/1699 1700/1700/1700 1701/1701/1701
f 1702/1702/1702 1703/1703/1703 1704/1704/1704
f 1705/1705/1705 1706/1706/1706 1707/1707/1707
f 1708/1708/1708 1709/1709/1709 1710/1710/1710
f 1711/1711/1711 1712/1712/1712 1713/1713/1713
f 1714/1714/1714 1715/1715/1715 1716/1716/1716
f 1717/1717/1717 1718/1718/1718 1719/1719/1719
f 1720/1720/1720 1721/1721/1721 1722/1722/1722
f 1723/1723/1723 1724/1724/1724 1725/1725/1725
f 1726/1726/1726 1727/1727/1727 1728/1728/1728
f 1729/1729/1729 1730/1730/1730 1731/1731/1731
f 1732/1732/1732 1733/1733/1733 1734/1734/1734
f 1735/1735/1735 1736/1736/1736 1737/1737/1737
f 1738/1738/1738 1739/1739/1739 1740/1740/1740
f 1741/1741/1741 1742/1742/1742 1743/1743/1743
f 1744/1744/1744 1745/1745/1745 1746/1746/1746
f 1747/1747/1747 1748/1748/1748 1749/1749/1749
f 1750/1750/1750 1751/1751/1751 1752/1752/1752
f 1753/1753/1753 1754/1754/1754 1755/1755/1755
f 1756/1756/1756 1757/1757/1757 1758/1758/1758
f 1759/1759/1759 1760/1760/1760 1761/1761/1761
f 1762/1762/1762 1763/1763/1763 1764/1764/1764
f 1765/1765/1765 1766/1766/1766 1767/1767/1767
f 1768/1768/1768 1769/1769/1769 1770/1770/1770
f 1771/1771/1771 1772/1772/1772 1773/1773/1773
f 1774/1774/1774 1775/1775/1775 1776/1776/1776
f 1777/1777/1777 1778/1778/1778 1779/1779/1779
f 1780/1780/1780 1781/1781/1781 1782/1782/1782
f 1783/1783/1783 1784/1784/1784 1785/1785/1785
f 1786/1786/1786 1787/1787/1787 1788/1788/1788
f 1789/1789/1789 1790/1790/1790 1791/1791/1791
f 1792/1792/1792 1793/1793/1793 1794/1794/1794
f 1795/1795/1795 1796/1796/1796 1797/1797/1797
f 1798/1798/1798 1799/1799/1799 1800/1800/1800
f 1801/1801/1801 1802/1802/1802 1803/1803/1803
f 1804/1804/1804 1805/1805/1805 1806/1806/1806
f 1807/1807/1807 1808/1808/1808 1809/1809/1809
f 1810/1810/1810 1811/1811/1811 1812/1812/1812
f 1813/1813/1813 1814/1814/1814 1815/1815/1815
f 1816/1816/1816 1817/1817/1817 1818/1818/1818
f 1819/1819/1819 1820/1820/1820 1821/1821/1821
f 1822/1822/1822 1823/1823/1823 1824/1824/1824
f 1825/1825/1825 1826/1826/1826 1827/1827/1827
f 1828/1828/1828 1829/1829/1829 1830/1830/1830
f 1831/1831/1831 1832/1832/1832 1833/1833/1833
f 1834/1834/1834 1835/1835/1835 1836/1836/1836
f 1837/1837/1837 1838/1838/1838 1839/1839/1839
f 1840/1840/1840 1841/1841/1841 1842/1842/1842
f 1843/1843/1843 1844/1844/1844 1845/1845/1845
f 1846/1846/1846 1847/1847/1847 1848/1848/1848
f 1849/1849/1849 1850/1850/1850 1851/1851/1851
f 1852/1852/1852 1853/1853/1853 1854/1854/1854
f 1855/1855/1855 1856/1856/1856 1857/1857/1857
f 1858/1858/1858 1859/1859/1859 1860/1860/1860
f 1861/1861/1861 1862/1862/1862 1863/1863/1863
f 1864/1864/1864 1865/1865/1865 1866/1866/1866
f 1867/1867/1867 1868/1868/1868 1869/1869/1869
f 1870/1870/1870 1871/1871/1871 1872/1872/1872
f 1873/1873/1873 1874/1874/1874 1875/1875/1875
f 1876/1876/1876 1877/1877/1877 1878/1878/1878
f 1879/1879/1879 1880/1880/1880 1881/1881/1881
f 1882/1882/1882 1883/1883/1883 1884/1884/1884
f 1885/1885/1885 1886/1886/1886 1887/1887/1887
f 1888/1888/1888 1889/1889/1889 1890/1890/1890
f 1891/1891/1891 1892/1892/1892 1893/1893/1893
f 1894/1894/1894 1895/1895/1895 1896/1896/1896
f 1897/1897/1897 1898/1898/1898 1899/1899/1899
f 1900/1900/1900 1901/1901/1901 1902/1902/1902
f 1903/1903/1903 1904/1904/1904 1905/1905/1905
f 1906/1906/1906 1907/1907/1907 1908/1908/1908
f 1909/1909/1909 1910/1910/1910 1911/1911/1911
f 1912/1912/1912 1913/1913/1913 1914/1914/1914
f 1915/1915/1915 1916/1916/1916 1917/1917/1917
f 1918/1918/1918 1919/1919/1919 1920/1920/1920
f 1921/1921/1921 1922/1922/1922 1923/1923/1923
f 1924/1924/1924 1925/1925/1925 1926/1926/1926
f 1927/1927/1927 1928/1928/1928 1929/1929/1929
f 1930/1930/1930 1931/1931/1931 1932/1932/1932
f 1933/1933/1933 1934/1934/1934 1935/1935/1935
f 1936/1936/1936 1937/1937/1937 1938/1938/1938
f 1939/1939/1939 1940/1940/1940 1941/1941/1941
f 1942/1942/1942 1943/1943/1943 1944/1944/1944
f 1945/1945/1945 1946/1946/1946 1947/1947/1947
f 1948/1948/1948 1949/1949/1949 1950/1950/1950
f 1951/1951/1951 1952/1952/1952 1953/1953/1953
f 1954/1954/1954 1955/1955/1955 1956/1956/1956
f 1957/1957/1957 1958/1958/1958 1959/1959/1959
f 1960/1960/1960 1961/1961/1961 1962/1962/1962
f 1963/1963/1963 1964/1964/1964 1965/1965/1965
f 1966/1966/1966 1967/1967/1967 1968/1968/1968
f 1969/1969/1969 1970/1970/1970 1971/1971/1971
f 1972/1972/1972 1973/1973/1973 1974/1974/1974
f 1975/1975/1975 1976/1976/1976 1977/1977/1977
f 1978/1978/1978 1979/1979/1979 1980/1980/1980
f 1981/1981/1981 1982/1982/1982 1983/1983/1983
f 1984/1984/1984 1985/1985/1985 1986/1986/1986
f 1987/1987/1987 1988/1988/1988 1989/1989/1989
f 1990/1990/1990 1991/1991/1991 1992/1992/1992
